value of a is 10 
value of b is 0 
Operation cannot be done {}
java.lang.ArithmeticException: / by zero
	at com.api.database.demo.main(demo.java:31)
Calling Create Job from Job service
Calling Login method from Auth Service
Calling SearchJob from Job service
Calling count from Dashboard service
Calling count from Dashboard service
Test Class is [TestClass name=class phoenix_api_automation_framework.LoginAPITest] 
Starting the Test Method loginTest 
Calling Login method from Auth Service
Test Class is [TestClass name=class phoenix_api_automation_framework.LoginAPITest] 
Starting the Test Method loginTest 
Description  
Groups [] 
Calling Login method from Auth Service
Test is Passed: loginTest 
Duration -4978 
Test Class is [TestClass name=class phoenix_api_automation_framework.LoginAPITest] 
Starting the Test Method loginTest 
Description  
Groups [] 
Calling Login method from Auth Service
Test is Passed: loginTest 
Duration 5308ms 
Phoenix Framework is starting!!!
Test Class is [TestClass name=class phoenix_api_automation_framework.LoginAPITest] 
Starting the Test Method: loginTest 
Description  
Groups [] 
Calling Login method from Auth Service
Test is Passed: loginTest 
Duration 4753ms 
Phoenix Framework is starting!!!
Test Class is [TestClass name=class phoenix_api_automation_framework.LoginAPITest] 
Starting the Test Method: loginTest 
Description create payload for LoginAPI 
Groups [regression, smoke, api] 
Calling Login method from Auth Service
Test is Passed: loginTest 
Duration 5624ms 
Phoenix Framework is starting!!!
Testing Class-Method : [TestClass name=class phoenix_api_automation_framework.LoginAPITest] 
Starting the Test Method: loginTest 
Description: verify LoginAPI 
Groups [regression, smoke, api] 
Calling Login method from Auth Service
Test is Passed: loginTest 
Duration 5148ms 
Phoenix Framework is starting!!!
Testing Class-Method : [TestClass name=class phoenix_api_automation_framework.LoginAPITest] 
Starting the Test Method: loginTest 
Description: verify LoginAPI 
Groups [regression, smoke, api] 
Calling Login method from Auth Service
Test is Failed!!! : loginTest  ):
Error Message:: {} 
java.lang.AssertionError: 1 expectation failed.
JSON path message doesn't match.
Expected: Sccess
  Actual: Success

	at org.codehaus.groovy.vmplugin.v8.IndyInterface.fromCache(IndyInterface.java:344)
	at io.restassured.internal.ResponseSpecificationImpl$HamcrestAssertionClosure.validate(ResponseSpecificationImpl.groovy:516)
	at org.codehaus.groovy.vmplugin.v8.IndyInterface.fromCache(IndyInterface.java:344)
	at io.restassured.internal.ResponseSpecificationImpl.validateResponseIfRequired(ResponseSpecificationImpl.groovy:714)
	at org.codehaus.groovy.vmplugin.v8.IndyInterface.fromCache(IndyInterface.java:344)
	at io.restassured.internal.ResponseSpecificationImpl.body(ResponseSpecificationImpl.groovy:274)
	at org.codehaus.groovy.vmplugin.v8.IndyInterface.fromCache(IndyInterface.java:344)
	at io.restassured.internal.ResponseSpecificationImpl.body(ResponseSpecificationImpl.groovy:121)
	at io.restassured.internal.ValidatableResponseOptionsImpl.body(ValidatableResponseOptionsImpl.java:244)
	at phoenix_api_automation_framework.LoginAPITest.loginTest(LoginAPITest.java:37)
	at java.base/jdk.internal.reflect.DirectMethodHandleAccessor.invoke(DirectMethodHandleAccessor.java:103)
	at java.base/java.lang.reflect.Method.invoke(Method.java:580)
	at org.testng.internal.invokers.MethodInvocationHelper.invokeMethod(MethodInvocationHelper.java:141)
	at org.testng.internal.invokers.TestInvoker.invokeMethod(TestInvoker.java:687)
	at org.testng.internal.invokers.TestInvoker.invokeTestMethod(TestInvoker.java:230)
	at org.testng.internal.invokers.MethodRunner.runInSequence(MethodRunner.java:63)
	at org.testng.internal.invokers.TestInvoker$MethodInvocationAgent.invoke(TestInvoker.java:995)
	at org.testng.internal.invokers.TestInvoker.invokeTestMethods(TestInvoker.java:203)
	at org.testng.internal.invokers.TestMethodWorker.invokeTestMethods(TestMethodWorker.java:154)
	at org.testng.internal.invokers.TestMethodWorker.run(TestMethodWorker.java:134)
	at java.base/java.util.ArrayList.forEach(ArrayList.java:1596)
	at org.testng.TestRunner.privateRun(TestRunner.java:741)
	at org.testng.TestRunner.run(TestRunner.java:616)
	at org.testng.SuiteRunner.runTest(SuiteRunner.java:421)
	at org.testng.SuiteRunner.runSequentially(SuiteRunner.java:413)
	at org.testng.SuiteRunner.privateRun(SuiteRunner.java:373)
	at org.testng.SuiteRunner.run(SuiteRunner.java:312)
	at org.testng.SuiteRunnerWorker.runSuite(SuiteRunnerWorker.java:52)
	at org.testng.SuiteRunnerWorker.run(SuiteRunnerWorker.java:95)
	at org.testng.TestNG.runSuitesSequentially(TestNG.java:1274)
	at org.testng.TestNG.runSuitesLocally(TestNG.java:1208)
	at org.testng.TestNG.runSuites(TestNG.java:1112)
	at org.testng.TestNG.run(TestNG.java:1079)
	at org.testng.remote.AbstractRemoteTestNG.run(AbstractRemoteTestNG.java:115)
	at org.testng.remote.RemoteTestNG.initAndRun(RemoteTestNG.java:293)
	at org.testng.remote.RemoteTestNG.main(RemoteTestNG.java:91)
Phoenix Framework is starting!!!
Testing Class-Method : [TestClass name=class phoenix_api_automation_framework.LoginAPITest] 
Starting the Test Method: loginTest 
Description: verify LoginAPI 
Groups [regression, smoke, api] 
Calling Login method from Auth Service
Test is Failed!!! : loginTest  ):
Error Message:: 
java.lang.AssertionError: 1 expectation failed.
JSON path message doesn't match.
Expected: Sccess
  Actual: Success

	at org.codehaus.groovy.vmplugin.v8.IndyInterface.fromCache(IndyInterface.java:344)
	at io.restassured.internal.ResponseSpecificationImpl$HamcrestAssertionClosure.validate(ResponseSpecificationImpl.groovy:516)
	at org.codehaus.groovy.vmplugin.v8.IndyInterface.fromCache(IndyInterface.java:344)
	at io.restassured.internal.ResponseSpecificationImpl.validateResponseIfRequired(ResponseSpecificationImpl.groovy:714)
	at org.codehaus.groovy.vmplugin.v8.IndyInterface.fromCache(IndyInterface.java:344)
	at io.restassured.internal.ResponseSpecificationImpl.body(ResponseSpecificationImpl.groovy:274)
	at org.codehaus.groovy.vmplugin.v8.IndyInterface.fromCache(IndyInterface.java:344)
	at io.restassured.internal.ResponseSpecificationImpl.body(ResponseSpecificationImpl.groovy:121)
	at io.restassured.internal.ValidatableResponseOptionsImpl.body(ValidatableResponseOptionsImpl.java:244)
	at phoenix_api_automation_framework.LoginAPITest.loginTest(LoginAPITest.java:37)
	at java.base/jdk.internal.reflect.DirectMethodHandleAccessor.invoke(DirectMethodHandleAccessor.java:103)
	at java.base/java.lang.reflect.Method.invoke(Method.java:580)
	at org.testng.internal.invokers.MethodInvocationHelper.invokeMethod(MethodInvocationHelper.java:141)
	at org.testng.internal.invokers.TestInvoker.invokeMethod(TestInvoker.java:687)
	at org.testng.internal.invokers.TestInvoker.invokeTestMethod(TestInvoker.java:230)
	at org.testng.internal.invokers.MethodRunner.runInSequence(MethodRunner.java:63)
	at org.testng.internal.invokers.TestInvoker$MethodInvocationAgent.invoke(TestInvoker.java:995)
	at org.testng.internal.invokers.TestInvoker.invokeTestMethods(TestInvoker.java:203)
	at org.testng.internal.invokers.TestMethodWorker.invokeTestMethods(TestMethodWorker.java:154)
	at org.testng.internal.invokers.TestMethodWorker.run(TestMethodWorker.java:134)
	at java.base/java.util.ArrayList.forEach(ArrayList.java:1596)
	at org.testng.TestRunner.privateRun(TestRunner.java:741)
	at org.testng.TestRunner.run(TestRunner.java:616)
	at org.testng.SuiteRunner.runTest(SuiteRunner.java:421)
	at org.testng.SuiteRunner.runSequentially(SuiteRunner.java:413)
	at org.testng.SuiteRunner.privateRun(SuiteRunner.java:373)
	at org.testng.SuiteRunner.run(SuiteRunner.java:312)
	at org.testng.SuiteRunnerWorker.runSuite(SuiteRunnerWorker.java:52)
	at org.testng.SuiteRunnerWorker.run(SuiteRunnerWorker.java:95)
	at org.testng.TestNG.runSuitesSequentially(TestNG.java:1274)
	at org.testng.TestNG.runSuitesLocally(TestNG.java:1208)
	at org.testng.TestNG.runSuites(TestNG.java:1112)
	at org.testng.TestNG.run(TestNG.java:1079)
	at org.testng.remote.AbstractRemoteTestNG.run(AbstractRemoteTestNG.java:115)
	at org.testng.remote.RemoteTestNG.initAndRun(RemoteTestNG.java:293)
	at org.testng.remote.RemoteTestNG.main(RemoteTestNG.java:91)
Phoenix Framework is starting!!!
Testing Class-Method : [TestClass name=class phoenix_api_automation_framework.LoginAPITest] 
Starting the Test Method: loginTest 
Description: verify LoginAPI 
Groups [regression, smoke, api] 
Calling Login method from Auth Service
Test is Failed!!! : loginTest  ):
Error Message:: 
java.lang.AssertionError: 1 expectation failed.
JSON path message doesn't match.
Expected: Sccess
  Actual: Success

	at org.codehaus.groovy.vmplugin.v8.IndyInterface.fromCache(IndyInterface.java:344)
	at io.restassured.internal.ResponseSpecificationImpl$HamcrestAssertionClosure.validate(ResponseSpecificationImpl.groovy:516)
	at org.codehaus.groovy.vmplugin.v8.IndyInterface.fromCache(IndyInterface.java:344)
	at io.restassured.internal.ResponseSpecificationImpl.validateResponseIfRequired(ResponseSpecificationImpl.groovy:714)
	at org.codehaus.groovy.vmplugin.v8.IndyInterface.fromCache(IndyInterface.java:344)
	at io.restassured.internal.ResponseSpecificationImpl.body(ResponseSpecificationImpl.groovy:274)
	at org.codehaus.groovy.vmplugin.v8.IndyInterface.fromCache(IndyInterface.java:344)
	at io.restassured.internal.ResponseSpecificationImpl.body(ResponseSpecificationImpl.groovy:121)
	at io.restassured.internal.ValidatableResponseOptionsImpl.body(ValidatableResponseOptionsImpl.java:244)
	at phoenix_api_automation_framework.LoginAPITest.loginTest(LoginAPITest.java:37)
	at java.base/jdk.internal.reflect.DirectMethodHandleAccessor.invoke(DirectMethodHandleAccessor.java:103)
	at java.base/java.lang.reflect.Method.invoke(Method.java:580)
	at org.testng.internal.invokers.MethodInvocationHelper.invokeMethod(MethodInvocationHelper.java:141)
	at org.testng.internal.invokers.TestInvoker.invokeMethod(TestInvoker.java:687)
	at org.testng.internal.invokers.TestInvoker.invokeTestMethod(TestInvoker.java:230)
	at org.testng.internal.invokers.MethodRunner.runInSequence(MethodRunner.java:63)
	at org.testng.internal.invokers.TestInvoker$MethodInvocationAgent.invoke(TestInvoker.java:995)
	at org.testng.internal.invokers.TestInvoker.invokeTestMethods(TestInvoker.java:203)
	at org.testng.internal.invokers.TestMethodWorker.invokeTestMethods(TestMethodWorker.java:154)
	at org.testng.internal.invokers.TestMethodWorker.run(TestMethodWorker.java:134)
	at java.base/java.util.ArrayList.forEach(ArrayList.java:1596)
	at org.testng.TestRunner.privateRun(TestRunner.java:741)
	at org.testng.TestRunner.run(TestRunner.java:616)
	at org.testng.SuiteRunner.runTest(SuiteRunner.java:421)
	at org.testng.SuiteRunner.runSequentially(SuiteRunner.java:413)
	at org.testng.SuiteRunner.privateRun(SuiteRunner.java:373)
	at org.testng.SuiteRunner.run(SuiteRunner.java:312)
	at org.testng.SuiteRunnerWorker.runSuite(SuiteRunnerWorker.java:52)
	at org.testng.SuiteRunnerWorker.run(SuiteRunnerWorker.java:95)
	at org.testng.TestNG.runSuitesSequentially(TestNG.java:1274)
	at org.testng.TestNG.runSuitesLocally(TestNG.java:1208)
	at org.testng.TestNG.runSuites(TestNG.java:1112)
	at org.testng.TestNG.run(TestNG.java:1079)
	at org.testng.remote.AbstractRemoteTestNG.run(AbstractRemoteTestNG.java:115)
	at org.testng.remote.RemoteTestNG.initAndRun(RemoteTestNG.java:293)
	at org.testng.remote.RemoteTestNG.main(RemoteTestNG.java:91)
Phoenix Framework is starting!!!
Testing Class-Method : [TestClass name=class phoenix_api_automation_framework.LoginAPITest] 
Starting the Test Method: loginTest 
Description: verify LoginAPI 
Groups [regression, smoke, api] 
Calling Login method from Auth Service
Test is Failed!!! : loginTest  ):
Error Message is : 
Error Message:: 
java.lang.AssertionError: 1 expectation failed.
JSON path message doesn't match.
Expected: Sccess
  Actual: Success

	at org.codehaus.groovy.vmplugin.v8.IndyInterface.fromCache(IndyInterface.java:344)
	at io.restassured.internal.ResponseSpecificationImpl$HamcrestAssertionClosure.validate(ResponseSpecificationImpl.groovy:516)
	at org.codehaus.groovy.vmplugin.v8.IndyInterface.fromCache(IndyInterface.java:344)
	at io.restassured.internal.ResponseSpecificationImpl.validateResponseIfRequired(ResponseSpecificationImpl.groovy:714)
	at org.codehaus.groovy.vmplugin.v8.IndyInterface.fromCache(IndyInterface.java:344)
	at io.restassured.internal.ResponseSpecificationImpl.body(ResponseSpecificationImpl.groovy:274)
	at org.codehaus.groovy.vmplugin.v8.IndyInterface.fromCache(IndyInterface.java:344)
	at io.restassured.internal.ResponseSpecificationImpl.body(ResponseSpecificationImpl.groovy:121)
	at io.restassured.internal.ValidatableResponseOptionsImpl.body(ValidatableResponseOptionsImpl.java:244)
	at phoenix_api_automation_framework.LoginAPITest.loginTest(LoginAPITest.java:37)
	at java.base/jdk.internal.reflect.DirectMethodHandleAccessor.invoke(DirectMethodHandleAccessor.java:103)
	at java.base/java.lang.reflect.Method.invoke(Method.java:580)
	at org.testng.internal.invokers.MethodInvocationHelper.invokeMethod(MethodInvocationHelper.java:141)
	at org.testng.internal.invokers.TestInvoker.invokeMethod(TestInvoker.java:687)
	at org.testng.internal.invokers.TestInvoker.invokeTestMethod(TestInvoker.java:230)
	at org.testng.internal.invokers.MethodRunner.runInSequence(MethodRunner.java:63)
	at org.testng.internal.invokers.TestInvoker$MethodInvocationAgent.invoke(TestInvoker.java:995)
	at org.testng.internal.invokers.TestInvoker.invokeTestMethods(TestInvoker.java:203)
	at org.testng.internal.invokers.TestMethodWorker.invokeTestMethods(TestMethodWorker.java:154)
	at org.testng.internal.invokers.TestMethodWorker.run(TestMethodWorker.java:134)
	at java.base/java.util.ArrayList.forEach(ArrayList.java:1596)
	at org.testng.TestRunner.privateRun(TestRunner.java:741)
	at org.testng.TestRunner.run(TestRunner.java:616)
	at org.testng.SuiteRunner.runTest(SuiteRunner.java:421)
	at org.testng.SuiteRunner.runSequentially(SuiteRunner.java:413)
	at org.testng.SuiteRunner.privateRun(SuiteRunner.java:373)
	at org.testng.SuiteRunner.run(SuiteRunner.java:312)
	at org.testng.SuiteRunnerWorker.runSuite(SuiteRunnerWorker.java:52)
	at org.testng.SuiteRunnerWorker.run(SuiteRunnerWorker.java:95)
	at org.testng.TestNG.runSuitesSequentially(TestNG.java:1274)
	at org.testng.TestNG.runSuitesLocally(TestNG.java:1208)
	at org.testng.TestNG.runSuites(TestNG.java:1112)
	at org.testng.TestNG.run(TestNG.java:1079)
	at org.testng.remote.AbstractRemoteTestNG.run(AbstractRemoteTestNG.java:115)
	at org.testng.remote.RemoteTestNG.initAndRun(RemoteTestNG.java:293)
	at org.testng.remote.RemoteTestNG.main(RemoteTestNG.java:91)
Phoenix Framework is starting!!!
Testing Class-Method : [TestClass name=class phoenix_api_automation_framework.LoginAPITest] 
Starting the Test Method: loginTest 
Description: verify LoginAPI 
Groups [regression, smoke, api] 
Calling Login method from Auth Service
Test is Failed!!! : loginTest  ):
Error Message is : 1 expectation failed.
JSON path message doesn't match.
Expected: Sccess
  Actual: Success

Exception is: 
java.lang.AssertionError: 1 expectation failed.
JSON path message doesn't match.
Expected: Sccess
  Actual: Success

	at org.codehaus.groovy.vmplugin.v8.IndyInterface.fromCache(IndyInterface.java:344)
	at io.restassured.internal.ResponseSpecificationImpl$HamcrestAssertionClosure.validate(ResponseSpecificationImpl.groovy:516)
	at org.codehaus.groovy.vmplugin.v8.IndyInterface.fromCache(IndyInterface.java:344)
	at io.restassured.internal.ResponseSpecificationImpl.validateResponseIfRequired(ResponseSpecificationImpl.groovy:714)
	at org.codehaus.groovy.vmplugin.v8.IndyInterface.fromCache(IndyInterface.java:344)
	at io.restassured.internal.ResponseSpecificationImpl.body(ResponseSpecificationImpl.groovy:274)
	at org.codehaus.groovy.vmplugin.v8.IndyInterface.fromCache(IndyInterface.java:344)
	at io.restassured.internal.ResponseSpecificationImpl.body(ResponseSpecificationImpl.groovy:121)
	at io.restassured.internal.ValidatableResponseOptionsImpl.body(ValidatableResponseOptionsImpl.java:244)
	at phoenix_api_automation_framework.LoginAPITest.loginTest(LoginAPITest.java:37)
	at java.base/jdk.internal.reflect.DirectMethodHandleAccessor.invoke(DirectMethodHandleAccessor.java:103)
	at java.base/java.lang.reflect.Method.invoke(Method.java:580)
	at org.testng.internal.invokers.MethodInvocationHelper.invokeMethod(MethodInvocationHelper.java:141)
	at org.testng.internal.invokers.TestInvoker.invokeMethod(TestInvoker.java:687)
	at org.testng.internal.invokers.TestInvoker.invokeTestMethod(TestInvoker.java:230)
	at org.testng.internal.invokers.MethodRunner.runInSequence(MethodRunner.java:63)
	at org.testng.internal.invokers.TestInvoker$MethodInvocationAgent.invoke(TestInvoker.java:995)
	at org.testng.internal.invokers.TestInvoker.invokeTestMethods(TestInvoker.java:203)
	at org.testng.internal.invokers.TestMethodWorker.invokeTestMethods(TestMethodWorker.java:154)
	at org.testng.internal.invokers.TestMethodWorker.run(TestMethodWorker.java:134)
	at java.base/java.util.ArrayList.forEach(ArrayList.java:1596)
	at org.testng.TestRunner.privateRun(TestRunner.java:741)
	at org.testng.TestRunner.run(TestRunner.java:616)
	at org.testng.SuiteRunner.runTest(SuiteRunner.java:421)
	at org.testng.SuiteRunner.runSequentially(SuiteRunner.java:413)
	at org.testng.SuiteRunner.privateRun(SuiteRunner.java:373)
	at org.testng.SuiteRunner.run(SuiteRunner.java:312)
	at org.testng.SuiteRunnerWorker.runSuite(SuiteRunnerWorker.java:52)
	at org.testng.SuiteRunnerWorker.run(SuiteRunnerWorker.java:95)
	at org.testng.TestNG.runSuitesSequentially(TestNG.java:1274)
	at org.testng.TestNG.runSuitesLocally(TestNG.java:1208)
	at org.testng.TestNG.runSuites(TestNG.java:1112)
	at org.testng.TestNG.run(TestNG.java:1079)
	at org.testng.remote.AbstractRemoteTestNG.run(AbstractRemoteTestNG.java:115)
	at org.testng.remote.RemoteTestNG.initAndRun(RemoteTestNG.java:293)
	at org.testng.remote.RemoteTestNG.main(RemoteTestNG.java:91)
Phoenix Framework is starting!!!
Testing Class-Method : [TestClass name=class phoenix_api_automation_framework.LoginAPITest] 
Starting the Test Method: loginTest 
Description: verify LoginAPI 
Groups [regression, smoke, api] 
Calling Login method from Auth Service
Test is Failed!!! : loginTest  ):
Error Message is : 1 expectation failed.
JSON path message doesn't match.
Expected: Sccess
  Actual: Success

Exception is: {}
java.lang.AssertionError: 1 expectation failed.
JSON path message doesn't match.
Expected: Sccess
  Actual: Success

	at org.codehaus.groovy.vmplugin.v8.IndyInterface.fromCache(IndyInterface.java:344)
	at io.restassured.internal.ResponseSpecificationImpl$HamcrestAssertionClosure.validate(ResponseSpecificationImpl.groovy:516)
	at org.codehaus.groovy.vmplugin.v8.IndyInterface.fromCache(IndyInterface.java:344)
	at io.restassured.internal.ResponseSpecificationImpl.validateResponseIfRequired(ResponseSpecificationImpl.groovy:714)
	at org.codehaus.groovy.vmplugin.v8.IndyInterface.fromCache(IndyInterface.java:344)
	at io.restassured.internal.ResponseSpecificationImpl.body(ResponseSpecificationImpl.groovy:274)
	at org.codehaus.groovy.vmplugin.v8.IndyInterface.fromCache(IndyInterface.java:344)
	at io.restassured.internal.ResponseSpecificationImpl.body(ResponseSpecificationImpl.groovy:121)
	at io.restassured.internal.ValidatableResponseOptionsImpl.body(ValidatableResponseOptionsImpl.java:244)
	at phoenix_api_automation_framework.LoginAPITest.loginTest(LoginAPITest.java:37)
	at java.base/jdk.internal.reflect.DirectMethodHandleAccessor.invoke(DirectMethodHandleAccessor.java:103)
	at java.base/java.lang.reflect.Method.invoke(Method.java:580)
	at org.testng.internal.invokers.MethodInvocationHelper.invokeMethod(MethodInvocationHelper.java:141)
	at org.testng.internal.invokers.TestInvoker.invokeMethod(TestInvoker.java:687)
	at org.testng.internal.invokers.TestInvoker.invokeTestMethod(TestInvoker.java:230)
	at org.testng.internal.invokers.MethodRunner.runInSequence(MethodRunner.java:63)
	at org.testng.internal.invokers.TestInvoker$MethodInvocationAgent.invoke(TestInvoker.java:995)
	at org.testng.internal.invokers.TestInvoker.invokeTestMethods(TestInvoker.java:203)
	at org.testng.internal.invokers.TestMethodWorker.invokeTestMethods(TestMethodWorker.java:154)
	at org.testng.internal.invokers.TestMethodWorker.run(TestMethodWorker.java:134)
	at java.base/java.util.ArrayList.forEach(ArrayList.java:1596)
	at org.testng.TestRunner.privateRun(TestRunner.java:741)
	at org.testng.TestRunner.run(TestRunner.java:616)
	at org.testng.SuiteRunner.runTest(SuiteRunner.java:421)
	at org.testng.SuiteRunner.runSequentially(SuiteRunner.java:413)
	at org.testng.SuiteRunner.privateRun(SuiteRunner.java:373)
	at org.testng.SuiteRunner.run(SuiteRunner.java:312)
	at org.testng.SuiteRunnerWorker.runSuite(SuiteRunnerWorker.java:52)
	at org.testng.SuiteRunnerWorker.run(SuiteRunnerWorker.java:95)
	at org.testng.TestNG.runSuitesSequentially(TestNG.java:1274)
	at org.testng.TestNG.runSuitesLocally(TestNG.java:1208)
	at org.testng.TestNG.runSuites(TestNG.java:1112)
	at org.testng.TestNG.run(TestNG.java:1079)
	at org.testng.remote.AbstractRemoteTestNG.run(AbstractRemoteTestNG.java:115)
	at org.testng.remote.RemoteTestNG.initAndRun(RemoteTestNG.java:293)
	at org.testng.remote.RemoteTestNG.main(RemoteTestNG.java:91)
Phoenix Framework is starting!!!
Testing Class-Method : [TestClass name=class phoenix_api_automation_framework.LoginAPITest] 
Starting the Test Method: loginTest 
Description: verify LoginAPI 
Groups [regression, smoke, api] 
Calling Login method from Auth Service
Test is Passed: loginTest 
Duration 5679ms 
Phoenix Framework is starting!!!
Testing Class-Method : [TestClass name=class phoenix_api_automation_framework.LoginAPITest] 
Starting the Test Method: loginTest 
Description: verify LoginAPI 
Groups [regression, smoke, api] 
Calling Login method from Auth Service
Test is Passed: loginTest 
Duration 4931ms 
Phoenix Framework is starting!!!
Testing Class-Method : [TestClass name=class phoenix_api_automation_framework.LoginAPITest] 
Starting the Test Method: loginTest 
Description: verify LoginAPI 
Groups [regression, smoke, api] 
Calling Login method from Auth Service
Test is Passed: loginTest 
Duration 5298ms 
Phoenix Framework is starting!!!
Testing Class-Method : [TestClass name=class phoenix_api_automation_framework.LoginAPITest] 
Starting the Test Method: loginTest 
Description: verify LoginAPI 
Groups [regression, smoke, api] 
Calling Login method from Auth Service
Test is Passed: loginTest 
Duration 5585ms 
Phoenix Framework is starting!!!
Testing Class-Method : [TestClass name=class phoenix_api_automation_framework.LoginAPITest] 
Starting the Test Method: loginTest 
Description: verify LoginAPI 
Groups [regression, smoke, api] 
Calling Login method from Auth Service
Request Body: {"username":"iamfd","Password":"[REDACTED]"}
Response Body: {"username":"iamfd","Password":"[REDACTED]"}
Test is Passed: loginTest 
Duration 4974ms 
Phoenix Framework is starting!!!
Testing Class-Method : [TestClass name=class phoenix_api_automation_framework.LoginAPITest] 
Starting the Test Method: loginTest 
Description: verify LoginAPI 
Groups [regression, smoke, api] 
Calling Login method from Auth Service
Request Body: {"username":"iamfd","Password":"[REDACTED]"}
Response Body: {
    "message": "Success",
    "data": {
        "token":"[REDACTED]"
    }
}
Test is Passed: loginTest 
Duration 4858ms 
Phoenix Framework is starting!!!
Testing Class-Method : [TestClass name=class phoenix_api_automation_framework.LoginAPITest] 
Starting the Test Method: loginTest 
Description: verify LoginAPI 
Groups [regression, smoke, api] 
Calling Login method from Auth Service
BaseURI: http://64.227.160.186:9000/v1/login
HTTP Method: POST
Request Body: {"username":"iamfd","Password":"[REDACTED]"}
Response Body: {
    "message": "Success",
    "data": {
        "token":"[REDACTED]"
    }
}
Test is Passed: loginTest 
Duration 5252ms 
Phoenix Framework is starting!!!
Testing Class-Method : [TestClass name=class phoenix_api_automation_framework.LoginAPITest] 
Starting the Test Method: loginTest 
Description: verify LoginAPI 
Groups [regression, smoke, api] 
Calling Login method from Auth Service
BaseURI: http://64.227.160.186:9000/v1/login
HTTP Method: POST
Headers: Accept=application/json, application/javascript, text/javascript, text/json
Content-Type=application/json
Request Body: {"username":"iamfd","Password":"[REDACTED]"}
Response Body: {
    "message": "Success",
    "data": {
        "token":"[REDACTED]"
    }
}
Test is Passed: loginTest 
Duration 4909ms 
Calling Userdetails from Userdetails service
BaseURI: http://64.227.160.186:9000/v1/userdetails
HTTP Method: GET
Headers: Accept=application/json, application/javascript, text/javascript, text/json
Authorization=eyJhbGciOiJIUzI1NiIsInR5cCI6IkpXVCJ9.eyJpZCI6NCwiZmlyc3RfbmFtZSI6ImZkIiwibGFzdF9uYW1lIjoiZmQiLCJsb2dpbl9pZCI6ImlhbWZkIiwibW9iaWxlX251bWJlciI6Ijg4OTk3NzY2NTUiLCJlbWFpbF9pZCI6Im1hcmtAZ21haWwuY29tIiwicGFzc3dvcmQiOiI1ZjRkY2MzYjVhYTc2NWQ2MWQ4MzI3ZGViODgyY2Y5OSIsInJlc2V0X3Bhc3N3b3JkX2RhdGUiOm51bGwsImxvY2tfc3RhdHVzIjowLCJpc19hY3RpdmUiOjEsIm1zdF9yb2xlX2lkIjo1LCJtc3Rfc2VydmljZV9sb2NhdGlvbl9pZCI6MSwiY3JlYXRlZF9hdCI6IjIwMjEtMTEtMDNUMDg6MDY6MjMuMDAwWiIsIm1vZGlmaWVkX2F0IjoiMjAyMS0xMS0wM1QwODowNjoyMy4wMDBaIiwicm9sZV9uYW1lIjoiRnJvbnREZXNrIiwic2VydmljZV9sb2NhdGlvbiI6IlNlcnZpY2UgQ2VudGVyIEEiLCJpYXQiOjE3ODUzODM4MTB9.uLKJ4F1tyfjNOsJ0H6DVmSuidSmJSGADops_Gn9coCM
Content-Type=application/json
Calling Userdetails from Userdetails service
BaseURI: http://64.227.160.186:9000/v1/userdetails
HTTP Method: GET
Headers: Accept=application/json, application/javascript, text/javascript, text/json
Authorization=eyJhbGciOiJIUzI1NiIsInR5cCI6IkpXVCJ9.eyJpZCI6NCwiZmlyc3RfbmFtZSI6ImZkIiwibGFzdF9uYW1lIjoiZmQiLCJsb2dpbl9pZCI6ImlhbWZkIiwibW9iaWxlX251bWJlciI6Ijg4OTk3NzY2NTUiLCJlbWFpbF9pZCI6Im1hcmtAZ21haWwuY29tIiwicGFzc3dvcmQiOiI1ZjRkY2MzYjVhYTc2NWQ2MWQ4MzI3ZGViODgyY2Y5OSIsInJlc2V0X3Bhc3N3b3JkX2RhdGUiOm51bGwsImxvY2tfc3RhdHVzIjowLCJpc19hY3RpdmUiOjEsIm1zdF9yb2xlX2lkIjo1LCJtc3Rfc2VydmljZV9sb2NhdGlvbl9pZCI6MSwiY3JlYXRlZF9hdCI6IjIwMjEtMTEtMDNUMDg6MDY6MjMuMDAwWiIsIm1vZGlmaWVkX2F0IjoiMjAyMS0xMS0wM1QwODowNjoyMy4wMDBaIiwicm9sZV9uYW1lIjoiRnJvbnREZXNrIiwic2VydmljZV9sb2NhdGlvbiI6IlNlcnZpY2UgQ2VudGVyIEEiLCJpYXQiOjE3ODUzODM5NjJ9.2nPd_dWxijdK8JYEEqpw5J2IsHqC-jvCKACWJSb6K7Q
Content-Type=application/json
Response Body: {
    "message": "Success",
    "data": {
        "id": 4,
        "first_name": "fd",
        "last_name": "fd",
        "login_id": "iamfd",
        "mobile_number": "8899776655",
        "email_id": "mark@gmail.com",
        "password": "5f4dcc3b5aa765d61d8327deb882cf99",
        "reset_password_date": null,
        "lock_status": 0,
        "is_active": 1,
        "mst_role_id": 5,
        "mst_service_location_id": 1,
        "created_at": "2021-11-03T08:06:23.000Z",
        "modified_at": "2021-11-03T08:06:23.000Z",
        "role_name": "FrontDesk",
        "service_location": "Service Center A"
    }
}
Calling Userdetails from Userdetails service
BaseURI: http://64.227.160.186:9000/v1/userdetails
HTTP Method: GET
Acceptapplication/json, application/javascript, text/javascript, text/json
AuthorizationREDACTED
Content-Typeapplication/json
Response Body: {
    "message": "Success",
    "data": {
        "id": 4,
        "first_name": "fd",
        "last_name": "fd",
        "login_id": "iamfd",
        "mobile_number": "8899776655",
        "email_id": "mark@gmail.com",
        "password": "5f4dcc3b5aa765d61d8327deb882cf99",
        "reset_password_date": null,
        "lock_status": 0,
        "is_active": 1,
        "mst_role_id": 5,
        "mst_service_location_id": 1,
        "created_at": "2021-11-03T08:06:23.000Z",
        "modified_at": "2021-11-03T08:06:23.000Z",
        "role_name": "FrontDesk",
        "service_location": "Service Center A"
    }
}
Calling Userdetails from Userdetails service
BaseURI: http://64.227.160.186:9000/v1/userdetails
HTTP Method: GET
Accept: application/json, application/javascript, text/javascript, text/json
Authorization: REDACTED
Content-Type: application/json
Response Body: {
    "message": "Success",
    "data": {
        "id": 4,
        "first_name": "fd",
        "last_name": "fd",
        "login_id": "iamfd",
        "mobile_number": "8899776655",
        "email_id": "mark@gmail.com",
        "password": "5f4dcc3b5aa765d61d8327deb882cf99",
        "reset_password_date": null,
        "lock_status": 0,
        "is_active": 1,
        "mst_role_id": 5,
        "mst_service_location_id": 1,
        "created_at": "2021-11-03T08:06:23.000Z",
        "modified_at": "2021-11-03T08:06:23.000Z",
        "role_name": "FrontDesk",
        "service_location": "Service Center A"
    }
}
Phoenix Framework is starting!!!
Testing Class-Method : [TestClass name=class phoenix_api_automation_framework.LoginAPITest] 
Starting the Test Method: loginTest 
Description: verify LoginAPI 
Groups [regression, smoke, api] 
Calling Login method from Auth Service
BaseURI: http://64.227.160.186:9000/v1/login
HTTP Method: POST
Accept: application/json, application/javascript, text/javascript, text/json
Content-Type: application/json
Request Body: {"username":"iamfd","Password":"[REDACTED]"}
Response Body: {
    "message": "Success",
    "data": {
        "token":"[REDACTED]"
    }
}
Test is Passed: loginTest 
Duration 4979ms 
Phoenix Framework is starting!!!
Testing Class-Method : [TestClass name=class phoenix_api_automation_framework.LoginAPITest] 
Starting the Test Method: loginTest 
Description: verify LoginAPI 
Groups [regression, smoke, api] 
Calling Login method from Auth Service
BaseURI: http://64.227.160.186:9000/v1/login
HTTP Method: POST
Accept: application/json, application/javascript, text/javascript, text/json
Content-Type: application/json
Request Body: {"username":"iamfd","Password":"[REDACTED]"}
Response Body: {
    "message": "Success",
    "data": {
        "token":"[REDACTED]"
    }
}
Test is Passed: loginTest 
Duration 5312ms 
Testing Class-Method : [TestClass name=class phoenix_api_automation_framework.UserdetailAPI_Test] 
Starting the Test Method: userdetailAPI_Test 
Description: to verify Userdetail API 
Groups [regression, smoke, api] 
Calling Userdetails from Userdetails service
BaseURI: http://64.227.160.186:9000/v1/userdetails
HTTP Method: GET
Accept: application/json, application/javascript, text/javascript, text/json
Authorization: REDACTED
Content-Type: application/json
Response Body: {
    "message": "Success",
    "data": {
        "id": 4,
        "first_name": "fd",
        "last_name": "fd",
        "login_id": "iamfd",
        "mobile_number": "8899776655",
        "email_id": "mark@gmail.com",
        "password": "5f4dcc3b5aa765d61d8327deb882cf99",
        "reset_password_date": null,
        "lock_status": 0,
        "is_active": 1,
        "mst_role_id": 5,
        "mst_service_location_id": 1,
        "created_at": "2021-11-03T08:06:23.000Z",
        "modified_at": "2021-11-03T08:06:23.000Z",
        "role_name": "FrontDesk",
        "service_location": "Service Center A"
    }
}
Test is Passed: userdetailAPI_Test 
Duration 454ms 
Testing Class-Method : [TestClass name=class phoenix_api_automation_framework.CountAPITest] 
Starting the Test Method: missingtoken_countAPI 
Description: to verify CountAPI with missing token 
Groups [negative, regression, smoke, api] 
Test is Passed: missingtoken_countAPI 
Duration 828ms 
Testing Class-Method : [TestClass name=class phoenix_api_automation_framework.CountAPITest] 
Starting the Test Method: verifyCountAPI 
Description: to verify countAPI 
Groups [regression, smoke, api] 
Calling count from Dashboard service
BaseURI: http://64.227.160.186:9000/v1/dashboard/count
HTTP Method: GET
Accept: application/json, application/javascript, text/javascript, text/json
Authorization: REDACTED
Content-Type: application/json
Response Body: {
    "message": "Success",
    "data": [
        {
            "label": "Pending for delivery",
            "key": "pending_for_delivery",
            "count": 0
        },
        {
            "label": "Created today",
            "key": "created_today",
            "count": 33
        },
        {
            "label": "Pending for FST assignment",
            "key": "pending_fst_assignment",
            "count": 0
        }
    ]
}
Test is Passed: verifyCountAPI 
Duration 407ms 
Testing Class-Method : [TestClass name=class phoenix_api_automation_framework.MasterAPI_Test] 
Starting the Test Method: verifymasterAPI 
Description: to verify MasterAPI 
Groups [regression, smoke, api] 
BaseURI: http://64.227.160.186:9000/v1/master
HTTP Method: POST
Accept: application/json, application/javascript, text/javascript, text/json
Authorization: REDACTED
Content-Type: application/json
Response Body: {
    "message": "Success",
    "data": {
        "mst_oem": [
            {
                "id": 1,
                "name": "Google",
                "code": "GL",
                "is_active": 1,
                "created_at": "2021-10-26T08:24:17.000Z",
                "modified_at": "2021-10-26T08:24:17.000Z"
            },
            {
                "id": 2,
                "name": "Apple",
                "code": "APL",
                "is_active": 1,
                "created_at": "2021-10-26T08:24:17.000Z",
                "modified_at": "2021-10-26T08:24:17.000Z"
            }
        ],
        "mst_model": [
            {
                "id": 1,
                "name": "Nexus 2 blue",
                "code": "NX2BL",
                "mst_product_id": 1,
                "is_active": 1,
                "created_at": "2021-10-29T19:28:00.000Z",
                "modified_at": "2021-10-29T19:28:00.000Z"
            },
            {
                "id": 2,
                "name": "gallexy",
                "code": "gl",
                "mst_product_id": 1,
                "is_active": 1,
                "created_at": "2022-06-10T07:18:03.000Z",
                "modified_at": "2022-06-10T07:18:03.000Z"
            },
            {
                "id": 3,
                "name": "Iphone 11",
                "code": "ip11",
                "mst_product_id": 3,
                "is_active": 1,
                "created_at": "2022-08-18T16:59:27.000Z",
                "modified_at": "2022-08-18T17:00:31.000Z"
            }
        ],
        "mst_action_status": [
            {
                "id": 1,
                "name": "Job Creation",
                "code": "JBC",
                "description": "Job Creation",
                "is_active": 1,
                "created_at": "2021-10-26T08:48:23.000Z",
                "modified_at": "2021-10-26T08:48:23.000Z"
            },
            {
                "id": 2,
                "name": "Pending For Job Assignment",
                "code": "PJFA",
                "description": "Pending For Job Assignment",
                "is_active": 1,
                "created_at": "2021-10-26T08:48:23.000Z",
                "modified_at": "2021-10-26T08:48:23.000Z"
            },
            {
                "id": 3,
                "name": "Pending For Repair",
                "code": "PFR",
                "description": "Pending For Repair",
                "is_active": 1,
                "created_at": "2021-10-26T08:48:23.000Z",
                "modified_at": "2021-10-26T08:48:23.000Z"
            },
            {
                "id": 4,
                "name": "Pending For QC",
                "code": "PFQC",
                "description": "Pending For QC",
                "is_active": 1,
                "created_at": "2021-10-26T08:48:23.000Z",
                "modified_at": "2021-10-26T08:48:23.000Z"
            },
            {
                "id": 5,
                "name": "Pending for Delivery",
                "code": "PDL",
                "description": "Pending for Delivery",
                "is_active": 1,
                "created_at": "2021-10-26T08:48:23.000Z",
                "modified_at": "2021-12-20T08:00:39.000Z"
            },
            {
                "id": 6,
                "name": "Delivered to customer",
                "code": "DC",
                "description": "Delivered to customer",
                "is_active": 1,
                "created_at": "2021-10-26T08:48:23.000Z",
                "modified_at": "2021-12-20T08:01:48.000Z"
            },
            {
                "id": 7,
                "name": "QC Rejected",
                "code": "QCR",
                "description": "QC Rejected",
                "is_active": 1,
                "created_at": "2021-10-26T08:48:23.000Z",
                "modified_at": "2021-10-26T08:48:23.000Z"
            },
            {
                "id": 8,
                "name": "Quatation Raised",
                "code": "QR",
                "description": "Quatation Raised",
                "is_active": 1,
                "created_at": "2021-10-26T08:48:23.000Z",
                "modified_at": "2021-10-26T08:48:23.000Z"
            },
            {
                "id": 9,
                "name": "Pending For Payment",
                "code": "PFP",
                "description": "Pending For Payment",
                "is_active": 1,
                "created_at": "2021-10-26T08:48:23.000Z",
                "modified_at": "2021-10-26T08:48:23.000Z"
            },
            {
                "id": 10,
                "name": "Payment Is Done",
                "code": "PD",
                "description": "Payment Is Done",
                "is_active": 1,
                "created_at": "2021-10-26T08:48:23.000Z",
                "modified_at": "2021-10-26T08:48:23.000Z"
            },
            {
                "id": 11,
                "name": "Job Closed Successfully",
                "code": "JC",
                "description": "Job Closed Successfully",
                "is_active": 1,
                "created_at": "2021-10-26T08:48:23.000Z",
                "modified_at": "2021-10-26T08:48:23.000Z"
            },
            {
                "id": 12,
                "name": "Assigned to FST - Inbound",
                "code": "AFI",
                "description": "Assigned to FST - Inbound",
                "is_active": 1,
                "created_at": "2021-10-26T08:48:23.000Z",
                "modified_at": "2021-10-26T08:48:23.000Z"
            },
            {
                "id": 13,
                "name": "Assigned to FST - Outbound",
                "code": "AFO",
                "description": "Assigned to FST - Outbound",
                "is_active": 1,
                "created_at": "2021-10-26T08:48:23.000Z",
                "modified_at": "2021-10-26T08:48:23.000Z"
            },
            {
                "id": 14,
                "name": "Begin Journey",
                "code": "BJY",
                "description": "Begin Journey",
                "is_active": 1,
                "created_at": "2021-10-26T08:48:23.000Z",
                "modified_at": "2021-10-26T08:48:23.000Z"
            },
            {
                "id": 15,
                "name": "Submitted To FD",
                "code": "SFD",
                "description": "Submitted To FD",
                "is_active": 1,
                "created_at": "2021-10-26T08:48:23.000Z",
                "modified_at": "2021-10-26T08:48:23.000Z"
            },
            {
                "id": 16,
                "name": "Collected At FD",
                "code": "CFD",
                "description": "Collected At FD",
                "is_active": 1,
                "created_at": "2021-10-26T08:48:23.000Z",
                "modified_at": "2021-10-26T08:48:23.000Z"
            }
        ],
        "mst_warrenty_status": [
            {
                "id": 1,
                "name": "In Warrenty",
                "code": "IW",
                "description": "In Warrenty",
                "is_active": 1,
                "created_at": "2021-10-26T08:26:04.000Z",
                "modified_at": "2021-10-26T08:26:04.000Z"
            },
            {
                "id": 2,
                "name": "Out Of Warrenty",
                "code": "OOW",
                "description": "Out Of Warrenty",
                "is_active": 1,
                "created_at": "2021-10-26T08:26:04.000Z",
                "modified_at": "2021-10-26T08:26:04.000Z"
            }
        ],
        "mst_platform": [
            {
                "id": 1,
                "name": "FST",
                "code": "FST",
                "description": "Field technician will go to customer's house",
                "is_active": 1,
                "created_at": "2021-10-26T08:37:12.000Z",
                "modified_at": "2021-10-26T08:37:12.000Z"
            },
            {
                "id": 2,
                "name": "Front Desk",
                "code": "FD",
                "description": "Customer will come to service center to submit his device",
                "is_active": 1,
                "created_at": "2021-10-26T08:37:12.000Z",
                "modified_at": "2021-10-26T08:37:12.000Z"
            }
        ],
        "mst_product": [
            {
                "id": 1,
                "name": "Nexus 2",
                "code": "NX2",
                "mst_oem_id": 1,
                "is_active": 1,
                "created_at": "2021-10-29T19:27:21.000Z",
                "modified_at": "2021-10-29T19:27:21.000Z"
            },
            {
                "id": 2,
                "name": "Pixel",
                "code": "gl",
                "mst_oem_id": 1,
                "is_active": 1,
                "created_at": "2022-06-10T07:16:57.000Z",
                "modified_at": "2022-08-18T16:55:02.000Z"
            },
            {
                "id": 3,
                "name": "IPhone",
                "code": "ip",
                "mst_oem_id": 2,
                "is_active": 1,
                "created_at": "2022-08-18T16:56:15.000Z",
                "modified_at": "2022-08-18T16:57:20.000Z"
            }
        ],
        "mst_role": [
            {
                "id": 1,
                "name": "Engineer",
                "code": "ENG",
                "description": "Engineer",
                "is_active": 1,
                "created_at": "2021-10-26T08:39:48.000Z",
                "modified_at": "2021-10-26T08:39:48.000Z"
            },
            {
                "id": 2,
                "name": "Supervisor",
                "code": "SPV",
                "description": "Supervisor",
                "is_active": 1,
                "created_at": "2021-10-26T08:39:48.000Z",
                "modified_at": "2021-10-26T08:39:48.000Z"
            },
            {
                "id": 3,
                "name": "FST",
                "code": "FST",
                "description": "Field Service Technician",
                "is_active": 1,
                "created_at": "2021-10-26T08:39:48.000Z",
                "modified_at": "2021-10-26T08:39:48.000Z"
            },
            {
                "id": 4,
                "name": "QC",
                "code": "QC",
                "description": "Quality check",
                "is_active": 1,
                "created_at": "2021-10-26T08:39:48.000Z",
                "modified_at": "2021-10-26T08:39:48.000Z"
            },
            {
                "id": 5,
                "name": "FrontDesk",
                "code": "FD",
                "description": "Front Desk",
                "is_active": 1,
                "created_at": "2021-10-26T08:39:48.000Z",
                "modified_at": "2022-01-04T15:16:54.000Z"
            },
            {
                "id": 6,
                "name": "Callcenter",
                "code": "CC",
                "description": "Callcenter",
                "is_active": 1,
                "created_at": "2021-10-26T08:39:48.000Z",
                "modified_at": "2022-01-04T15:16:54.000Z"
            }
        ],
        "mst_service_location": [
            {
                "id": 1,
                "name": "Service Center A",
                "code": "B2X",
                "mobile_number": "8877667788",
                "email_id": "servicecentera@gmail.com",
                "address": "M.G. Road, Andheri(E)",
                "pincode": 400075,
                "country": "India",
                "gstin": "22AAAAA0000A1",
                "is_repair_line_engineer": 1,
                "is_active": 1,
                "created_at": "2021-10-26T08:30:50.000Z",
                "modified_at": "2022-04-03T16:09:58.000Z"
            },
            {
                "id": 2,
                "name": "Service Center B",
                "code": "SFY",
                "mobile_number": "8877667789",
                "email_id": "servicecenterb@gmail.com",
                "address": "M.G. Road, Andheri(E)",
                "pincode": 400606,
                "country": "India",
                "gstin": "22AAAAA0000B2",
                "is_repair_line_engineer": 1,
                "is_active": 1,
                "created_at": "2021-10-26T08:30:50.000Z",
                "modified_at": "2022-04-03T16:09:59.000Z"
            },
            {
                "id": 3,
                "name": "Service Centre C",
                "code": "PKC",
                "mobile_number": "8877667790",
                "email_id": "servicecenterpk@gmail.com",
                "address": "Srinagar,Kashmir(A)",
                "pincode": 577432,
                "country": "India",
                "gstin": "22AAAAA0000C3",
                "is_repair_line_engineer": 1,
                "is_active": 1,
                "created_at": "2022-12-13T11:05:47.000Z",
                "modified_at": "2022-12-13T11:05:47.000Z"
            }
        ],
        "mst_problem": [
            {
                "id": 1,
                "name": "Smartphone is running slow",
                "created_at": "2022-01-08T10:07:18.000Z",
                "modified_at": "2022-01-08T10:07:18.000Z"
            },
            {
                "id": 2,
                "name": "Poor battery life",
                "created_at": "2022-01-08T10:07:18.000Z",
                "modified_at": "2022-01-08T10:07:18.000Z"
            },
            {
                "id": 3,
                "name": "Phone or app crashes",
                "created_at": "2022-01-08T10:07:18.000Z",
                "modified_at": "2022-01-08T10:07:18.000Z"
            },
            {
                "id": 4,
                "name": "Sync issue",
                "created_at": "2022-01-08T10:07:18.000Z",
                "modified_at": "2022-01-08T10:07:18.000Z"
            },
            {
                "id": 5,
                "name": "MicroSD card is not working on your phone",
                "created_at": "2022-01-08T10:07:18.000Z",
                "modified_at": "2022-01-08T10:07:18.000Z"
            },
            {
                "id": 6,
                "name": "Overheating",
                "created_at": "2022-01-08T10:07:18.000Z",
                "modified_at": "2022-01-08T10:07:18.000Z"
            },
            {
                "id": 7,
                "name": "Connecting problem with Bluetooth, Wifi, Cellular network",
                "created_at": "2022-01-08T10:07:19.000Z",
                "modified_at": "2022-01-08T10:07:19.000Z"
            },
            {
                "id": 8,
                "name": "Cracked screen",
                "created_at": "2022-01-08T10:07:19.000Z",
                "modified_at": "2022-01-08T10:07:19.000Z"
            },
            {
                "id": 9,
                "name": "Other",
                "created_at": "2022-01-08T10:07:19.000Z",
                "modified_at": "2022-01-08T10:07:19.000Z"
            },
            {
                "id": 10,
                "name": "Camera issue",
                "created_at": "2022-06-13T15:01:02.000Z",
                "modified_at": "2022-06-13T15:01:02.000Z"
            },
            {
                "id": 11,
                "name": "Charger Not Working",
                "created_at": "2022-08-14T12:38:04.000Z",
                "modified_at": "2022-08-14T12:38:04.000Z"
            },
            {
                "id": 12,
                "name": " Software Booting Issue ",
                "created_at": "2022-08-14T13:03:08.000Z",
                "modified_at": "2022-08-14T13:03:08.000Z"
            },
            {
                "id": 15,
                "name": "Head Phone Jack not working",
                "created_at": "2022-06-16T15:22:18.000Z",
                "modified_at": "2022-06-16T15:22:18.000Z"
            },
            {
                "id": 16,
                "name": "Head Phone issue",
                "created_at": "2022-06-16T15:27:47.000Z",
                "modified_at": "2022-06-16T15:27:47.000Z"
            },
            {
                "id": 17,
                "name": "Random Problem",
                "created_at": "2022-07-11T02:56:01.000Z",
                "modified_at": "2022-07-11T02:56:01.000Z"
            },
            {
                "id": 19,
                "name": "Front camera not working",
                "created_at": "2022-07-13T17:50:54.000Z",
                "modified_at": "2022-07-13T17:50:54.000Z"
            },
            {
                "id": 20,
                "name": "Battery issue",
                "created_at": "2022-07-13T17:51:47.000Z",
                "modified_at": "2022-07-13T17:51:47.000Z"
            },
            {
                "id": 22,
                "name": "Screen display issue",
                "created_at": "2022-08-29T11:09:24.000Z",
                "modified_at": "2022-08-29T11:09:24.000Z"
            },
            {
                "id": 24,
                "name": "Apps Not Downloading",
                "created_at": "2022-08-29T12:10:34.000Z",
                "modified_at": "2022-08-29T12:10:34.000Z"
            },
            {
                "id": 26,
                "name": "Unresponsive screen",
                "created_at": "2022-09-19T10:03:08.000Z",
                "modified_at": "2022-09-19T10:03:08.000Z"
            },
            {
                "id": 27,
                "name": "Blue Screen Error",
                "created_at": "2022-12-13T11:01:48.000Z",
                "modified_at": "2022-12-13T11:01:48.000Z"
            },
            {
                "id": 28,
                "name": "PK Test Prob1",
                "created_at": "2022-12-19T20:42:09.000Z",
                "modified_at": "2022-12-19T20:42:09.000Z"
            },
            {
                "id": 29,
                "name": "PK Test Prob1",
                "created_at": "2022-12-19T20:42:09.000Z",
                "modified_at": "2022-12-19T20:42:09.000Z"
            }
        ],
        "map_fst_pincode": [
            {
                "pincode": 100011,
                "mst_service_location_id": 1,
                "mst_service_location_name": "Service Center A"
            },
            {
                "pincode": 100012,
                "mst_service_location_id": 1,
                "mst_service_location_name": "Service Center A"
            },
            {
                "pincode": 100013,
                "mst_service_location_id": 1,
                "mst_service_location_name": "Service Center A"
            },
            {
                "pincode": 100014,
                "mst_service_location_id": 1,
                "mst_service_location_name": "Service Center A"
            },
            {
                "pincode": 100015,
                "mst_service_location_id": 1,
                "mst_service_location_name": "Service Center A"
            },
            {
                "pincode": 400065,
                "mst_service_location_id": 1,
                "mst_service_location_name": "Service Center A"
            },
            {
                "pincode": 200011,
                "mst_service_location_id": 2,
                "mst_service_location_name": "Service Center B"
            },
            {
                "pincode": 200012,
                "mst_service_location_id": 2,
                "mst_service_location_name": "Service Center B"
            },
            {
                "pincode": 200013,
                "mst_service_location_id": 2,
                "mst_service_location_name": "Service Center B"
            },
            {
                "pincode": 200014,
                "mst_service_location_id": 2,
                "mst_service_location_name": "Service Center B"
            },
            {
                "pincode": 200015,
                "mst_service_location_id": 2,
                "mst_service_location_name": "Service Center B"
            }
        ]
    }
}
Test is Passed: verifymasterAPI 
Duration 880ms 
Testing Class-Method : [TestClass name=class phoenix_api_automation_framework.CreateJobAPITest] 
Starting the Test Method: verifycreateJob 
Description: verify createjobAPI 
Groups [regression, smoke, api] 
Calling Create Job from Job service
Test is Failed!!! : verifycreateJob  ):
Error Message is : 1 expectation failed.
Expected status code <200> but was <500>.

Exception is: 
java.lang.AssertionError: 1 expectation failed.
Expected status code <200> but was <500>.

	at org.codehaus.groovy.vmplugin.v8.IndyInterface.fromCache(IndyInterface.java:344)
	at io.restassured.internal.ResponseSpecificationImpl$HamcrestAssertionClosure.validate(ResponseSpecificationImpl.groovy:516)
	at org.codehaus.groovy.vmplugin.v8.IndyInterface.fromCache(IndyInterface.java:344)
	at io.restassured.internal.ResponseSpecificationImpl.validate(ResponseSpecificationImpl.groovy:105)
	at io.restassured.internal.ValidatableResponseOptionsImpl.spec(ValidatableResponseOptionsImpl.java:288)
	at phoenix_api_automation_framework.CreateJobAPITest.verifycreateJob(CreateJobAPITest.java:70)
	at java.base/jdk.internal.reflect.DirectMethodHandleAccessor.invoke(DirectMethodHandleAccessor.java:103)
	at java.base/java.lang.reflect.Method.invoke(Method.java:580)
	at org.testng.internal.invokers.MethodInvocationHelper.invokeMethod(MethodInvocationHelper.java:141)
	at org.testng.internal.invokers.TestInvoker.invokeMethod(TestInvoker.java:687)
	at org.testng.internal.invokers.TestInvoker.invokeTestMethod(TestInvoker.java:230)
	at org.testng.internal.invokers.MethodRunner.runInSequence(MethodRunner.java:63)
	at org.testng.internal.invokers.TestInvoker$MethodInvocationAgent.invoke(TestInvoker.java:995)
	at org.testng.internal.invokers.TestInvoker.invokeTestMethods(TestInvoker.java:203)
	at org.testng.internal.invokers.TestMethodWorker.invokeTestMethods(TestMethodWorker.java:154)
	at org.testng.internal.invokers.TestMethodWorker.run(TestMethodWorker.java:134)
	at java.base/java.util.ArrayList.forEach(ArrayList.java:1596)
	at org.testng.TestRunner.privateRun(TestRunner.java:741)
	at org.testng.TestRunner.run(TestRunner.java:616)
	at org.testng.SuiteRunner.runTest(SuiteRunner.java:421)
	at org.testng.SuiteRunner.runSequentially(SuiteRunner.java:413)
	at org.testng.SuiteRunner.privateRun(SuiteRunner.java:373)
	at org.testng.SuiteRunner.run(SuiteRunner.java:312)
	at org.testng.SuiteRunnerWorker.runSuite(SuiteRunnerWorker.java:52)
	at org.testng.SuiteRunnerWorker.run(SuiteRunnerWorker.java:95)
	at org.testng.TestNG.runSuitesSequentially(TestNG.java:1274)
	at org.testng.TestNG.runSuitesLocally(TestNG.java:1208)
	at org.testng.TestNG.runSuites(TestNG.java:1112)
	at org.testng.TestNG.run(TestNG.java:1079)
	at org.apache.maven.surefire.testng.TestNGExecutor.run(TestNGExecutor.java:308)
	at org.apache.maven.surefire.testng.TestNGXmlTestSuite.execute(TestNGXmlTestSuite.java:71)
	at org.apache.maven.surefire.testng.TestNGProvider.invoke(TestNGProvider.java:113)
	at org.apache.maven.surefire.booter.ForkedBooter.runSuitesInProcess(ForkedBooter.java:385)
	at org.apache.maven.surefire.booter.ForkedBooter.execute(ForkedBooter.java:162)
	at org.apache.maven.surefire.booter.ForkedBooter.run(ForkedBooter.java:507)
	at org.apache.maven.surefire.booter.ForkedBooter.main(ForkedBooter.java:495)
Testing Class-Method : [TestClass name=class com.api.phoenix.datadriven_Tests.LoginAPITest] 
Starting the Test Method: LoginAPITestdataDriven 
Description: loginAPIdatadriven testing 
Groups [regression, smoke] 
BaseURI: http://64.227.160.186:9000/v1/login
HTTP Method: POST
Accept: application/json, application/javascript, text/javascript, text/json
Content-Type: application/json
Request Body: {"username":"iamfd","Password":"[REDACTED]"}
Response Body: {
    "message": "Success",
    "data": {
        "token":"[REDACTED]"
    }
}
Test is Passed: LoginAPITestdataDriven 
Duration 181ms 
Testing Class-Method : [TestClass name=class com.api.phoenix.datadriven_Tests.LoginAPITest] 
Starting the Test Method: LoginAPITestdataDriven 
Description: loginAPIdatadriven testing 
Groups [regression, smoke] 
BaseURI: http://64.227.160.186:9000/v1/login
HTTP Method: POST
Accept: application/json, application/javascript, text/javascript, text/json
Content-Type: application/json
Request Body: {"username":"adil","Password":"[REDACTED]"}
Response Body: {
    "status": 500,
    "message": "Invalid username or password",
    "name": "APIError",
    "isPublic": false,
    "isOperational": true
}
Test is Failed!!! : LoginAPITestdataDriven  ):
Error Message is : 1 expectation failed.
Expected status code <200> but was <500>.

Exception is: 
java.lang.AssertionError: 1 expectation failed.
Expected status code <200> but was <500>.

	at org.codehaus.groovy.vmplugin.v8.IndyInterface.fromCache(IndyInterface.java:344)
	at io.restassured.internal.ResponseSpecificationImpl$HamcrestAssertionClosure.validate(ResponseSpecificationImpl.groovy:516)
	at org.codehaus.groovy.vmplugin.v8.IndyInterface.fromCache(IndyInterface.java:344)
	at io.restassured.internal.ResponseSpecificationImpl.validate(ResponseSpecificationImpl.groovy:105)
	at io.restassured.internal.ValidatableResponseOptionsImpl.spec(ValidatableResponseOptionsImpl.java:288)
	at com.api.phoenix.datadriven_Tests.LoginAPITest.LoginAPITestdataDriven(LoginAPITest.java:30)
	at java.base/jdk.internal.reflect.DirectMethodHandleAccessor.invoke(DirectMethodHandleAccessor.java:103)
	at java.base/java.lang.reflect.Method.invoke(Method.java:580)
	at org.testng.internal.invokers.MethodInvocationHelper.invokeMethod(MethodInvocationHelper.java:141)
	at org.testng.internal.invokers.TestInvoker.invokeMethod(TestInvoker.java:687)
	at org.testng.internal.invokers.TestInvoker.invokeTestMethod(TestInvoker.java:230)
	at org.testng.internal.invokers.MethodRunner.runInSequence(MethodRunner.java:63)
	at org.testng.internal.invokers.TestInvoker$MethodInvocationAgent.invoke(TestInvoker.java:995)
	at org.testng.internal.invokers.TestInvoker.invokeTestMethods(TestInvoker.java:203)
	at org.testng.internal.invokers.TestMethodWorker.invokeTestMethods(TestMethodWorker.java:154)
	at org.testng.internal.invokers.TestMethodWorker.run(TestMethodWorker.java:134)
	at java.base/java.util.ArrayList.forEach(ArrayList.java:1596)
	at org.testng.TestRunner.privateRun(TestRunner.java:741)
	at org.testng.TestRunner.run(TestRunner.java:616)
	at org.testng.SuiteRunner.runTest(SuiteRunner.java:421)
	at org.testng.SuiteRunner.runSequentially(SuiteRunner.java:413)
	at org.testng.SuiteRunner.privateRun(SuiteRunner.java:373)
	at org.testng.SuiteRunner.run(SuiteRunner.java:312)
	at org.testng.SuiteRunnerWorker.runSuite(SuiteRunnerWorker.java:52)
	at org.testng.SuiteRunnerWorker.run(SuiteRunnerWorker.java:95)
	at org.testng.TestNG.runSuitesSequentially(TestNG.java:1274)
	at org.testng.TestNG.runSuitesLocally(TestNG.java:1208)
	at org.testng.TestNG.runSuites(TestNG.java:1112)
	at org.testng.TestNG.run(TestNG.java:1079)
	at org.apache.maven.surefire.testng.TestNGExecutor.run(TestNGExecutor.java:308)
	at org.apache.maven.surefire.testng.TestNGXmlTestSuite.execute(TestNGXmlTestSuite.java:71)
	at org.apache.maven.surefire.testng.TestNGProvider.invoke(TestNGProvider.java:113)
	at org.apache.maven.surefire.booter.ForkedBooter.runSuitesInProcess(ForkedBooter.java:385)
	at org.apache.maven.surefire.booter.ForkedBooter.execute(ForkedBooter.java:162)
	at org.apache.maven.surefire.booter.ForkedBooter.run(ForkedBooter.java:507)
	at org.apache.maven.surefire.booter.ForkedBooter.main(ForkedBooter.java:495)
Testing Class-Method : [TestClass name=class com.api.phoenix.datadriven_Tests.LoginAPITest] 
Starting the Test Method: LoginAPITestdataDriven 
Description: loginAPIdatadriven testing 
Groups [regression, smoke] 
BaseURI: http://64.227.160.186:9000/v1/login
HTTP Method: POST
Accept: application/json, application/javascript, text/javascript, text/json
Content-Type: application/json
Request Body: {"username":"jatin","Password":"[REDACTED]"}
Response Body: {
    "status": 500,
    "message": "Invalid username or password",
    "name": "APIError",
    "isPublic": false,
    "isOperational": true
}
Test is Failed!!! : LoginAPITestdataDriven  ):
Error Message is : 1 expectation failed.
Expected status code <200> but was <500>.

Exception is: 
java.lang.AssertionError: 1 expectation failed.
Expected status code <200> but was <500>.

	at org.codehaus.groovy.vmplugin.v8.IndyInterface.fromCache(IndyInterface.java:344)
	at io.restassured.internal.ResponseSpecificationImpl$HamcrestAssertionClosure.validate(ResponseSpecificationImpl.groovy:516)
	at org.codehaus.groovy.vmplugin.v8.IndyInterface.fromCache(IndyInterface.java:344)
	at io.restassured.internal.ResponseSpecificationImpl.validate(ResponseSpecificationImpl.groovy:105)
	at io.restassured.internal.ValidatableResponseOptionsImpl.spec(ValidatableResponseOptionsImpl.java:288)
	at com.api.phoenix.datadriven_Tests.LoginAPITest.LoginAPITestdataDriven(LoginAPITest.java:30)
	at java.base/jdk.internal.reflect.DirectMethodHandleAccessor.invoke(DirectMethodHandleAccessor.java:103)
	at java.base/java.lang.reflect.Method.invoke(Method.java:580)
	at org.testng.internal.invokers.MethodInvocationHelper.invokeMethod(MethodInvocationHelper.java:141)
	at org.testng.internal.invokers.TestInvoker.invokeMethod(TestInvoker.java:687)
	at org.testng.internal.invokers.TestInvoker.invokeTestMethod(TestInvoker.java:230)
	at org.testng.internal.invokers.MethodRunner.runInSequence(MethodRunner.java:63)
	at org.testng.internal.invokers.TestInvoker$MethodInvocationAgent.invoke(TestInvoker.java:995)
	at org.testng.internal.invokers.TestInvoker.invokeTestMethods(TestInvoker.java:203)
	at org.testng.internal.invokers.TestMethodWorker.invokeTestMethods(TestMethodWorker.java:154)
	at org.testng.internal.invokers.TestMethodWorker.run(TestMethodWorker.java:134)
	at java.base/java.util.ArrayList.forEach(ArrayList.java:1596)
	at org.testng.TestRunner.privateRun(TestRunner.java:741)
	at org.testng.TestRunner.run(TestRunner.java:616)
	at org.testng.SuiteRunner.runTest(SuiteRunner.java:421)
	at org.testng.SuiteRunner.runSequentially(SuiteRunner.java:413)
	at org.testng.SuiteRunner.privateRun(SuiteRunner.java:373)
	at org.testng.SuiteRunner.run(SuiteRunner.java:312)
	at org.testng.SuiteRunnerWorker.runSuite(SuiteRunnerWorker.java:52)
	at org.testng.SuiteRunnerWorker.run(SuiteRunnerWorker.java:95)
	at org.testng.TestNG.runSuitesSequentially(TestNG.java:1274)
	at org.testng.TestNG.runSuitesLocally(TestNG.java:1208)
	at org.testng.TestNG.runSuites(TestNG.java:1112)
	at org.testng.TestNG.run(TestNG.java:1079)
	at org.apache.maven.surefire.testng.TestNGExecutor.run(TestNGExecutor.java:308)
	at org.apache.maven.surefire.testng.TestNGXmlTestSuite.execute(TestNGXmlTestSuite.java:71)
	at org.apache.maven.surefire.testng.TestNGProvider.invoke(TestNGProvider.java:113)
	at org.apache.maven.surefire.booter.ForkedBooter.runSuitesInProcess(ForkedBooter.java:385)
	at org.apache.maven.surefire.booter.ForkedBooter.execute(ForkedBooter.java:162)
	at org.apache.maven.surefire.booter.ForkedBooter.run(ForkedBooter.java:507)
	at org.apache.maven.surefire.booter.ForkedBooter.main(ForkedBooter.java:495)
Testing Class-Method : [TestClass name=class com.api.phoenix.datadriven_Tests.CreateJobAPITest] 
Starting the Test Method: verifycreateJobDatadriven 
Description: verify createjobAPI 
Groups [regression, smoke, api] 
Test is Passed: verifycreateJobDatadriven 
Duration 352ms 
Testing Class-Method : [TestClass name=class com.api.phoenix.datadriven_Tests.CreateJobAPITest] 
Starting the Test Method: verifycreateJobDatadriven 
Description: verify createjobAPI 
Groups [regression, smoke, api] 
Test is Passed: verifycreateJobDatadriven 
Duration 228ms 
Testing Class-Method : [TestClass name=class com.api.phoenix.datadriven_Tests.CreateJobAPITest] 
Starting the Test Method: verifycreateJobDatadriven 
Description: verify createjobAPI 
Groups [regression, smoke, api] 
Test is Passed: verifycreateJobDatadriven 
Duration 272ms 
Testing Class-Method : [TestClass name=class com.api.phoenix.datadriven_Tests.CreateJobAPITest] 
Starting the Test Method: verifycreateJobDatadriven 
Description: verify createjobAPI 
Groups [regression, smoke, api] 
Test is Passed: verifycreateJobDatadriven 
Duration 217ms 
Testing Class-Method : [TestClass name=class com.api.phoenix.datadriven_Tests.CreateJobAPITest] 
Starting the Test Method: verifycreateJobDatadriven 
Description: verify createjobAPI 
Groups [regression, smoke, api] 
Test is Passed: verifycreateJobDatadriven 
Duration 247ms 
Testing Class-Method : [TestClass name=class com.api.phoenix.datadriven_Tests.CreateJobAPITest] 
Starting the Test Method: verifycreateJobDatadriven 
Description: verify createjobAPI 
Groups [regression, smoke, api] 
Test is Passed: verifycreateJobDatadriven 
Duration 202ms 
Testing Class-Method : [TestClass name=class com.api.phoenix.datadriven_Tests.CreateJobAPITest] 
Starting the Test Method: verifycreateJobDatadriven 
Description: verify createjobAPI 
Groups [regression, smoke, api] 
Test is Passed: verifycreateJobDatadriven 
Duration 246ms 
Testing Class-Method : [TestClass name=class com.api.phoenix.datadriven_Tests.CreateJobAPITest] 
Starting the Test Method: verifycreateJobDatadriven 
Description: verify createjobAPI 
Groups [regression, smoke, api] 
Test is Passed: verifycreateJobDatadriven 
Duration 222ms 
Testing Class-Method : [TestClass name=class com.api.phoenix.datadriven_Tests.CreateJobAPITest] 
Starting the Test Method: verifycreateJobDatadriven 
Description: verify createjobAPI 
Groups [regression, smoke, api] 
Test is Passed: verifycreateJobDatadriven 
Duration 243ms 
Testing Class-Method : [TestClass name=class com.api.phoenix.datadriven_Tests.CreateJobAPITest] 
Starting the Test Method: verifycreateJobDatadriven 
Description: verify createjobAPI 
Groups [regression, smoke, api] 
Test is Passed: verifycreateJobDatadriven 
Duration 254ms 
Testing Class-Method : [TestClass name=class com.api.phoenix.datadriven_Tests.CreateJobAPITest] 
Starting the Test Method: verifycreateJobDatadriven 
Description: verify createjobAPI 
Groups [regression, smoke, api] 
Test is Passed: verifycreateJobDatadriven 
Duration 207ms 
Testing Class-Method : [TestClass name=class com.api.phoenix.datadriven_Tests.CreateJobAPITest] 
Starting the Test Method: verifycreateJobDatadriven 
Description: verify createjobAPI 
Groups [regression, smoke, api] 
Test is Passed: verifycreateJobDatadriven 
Duration 230ms 
Testing Class-Method : [TestClass name=class com.api.phoenix.datadriven_Tests.CreateJobAPITest] 
Starting the Test Method: verifycreateJobDatadriven 
Description: verify createjobAPI 
Groups [regression, smoke, api] 
Test is Passed: verifycreateJobDatadriven 
Duration 211ms 
Testing Class-Method : [TestClass name=class com.api.phoenix.datadriven_Tests.CreateJobAPITest] 
Starting the Test Method: verifycreateJobDatadriven 
Description: verify createjobAPI 
Groups [regression, smoke, api] 
Test is Passed: verifycreateJobDatadriven 
Duration 226ms 
Testing Class-Method : [TestClass name=class com.api.phoenix.datadriven_Tests.CreateJobAPITest] 
Starting the Test Method: verifycreateJobDatadriven 
Description: verify createjobAPI 
Groups [regression, smoke, api] 
Test is Passed: verifycreateJobDatadriven 
Duration 291ms 
Testing Class-Method : [TestClass name=class com.api.phoenix.datadriven_Tests.CreateJobAPITest] 
Starting the Test Method: verifycreateJobDatadriven 
Description: verify createjobAPI 
Groups [regression, smoke, api] 
Test is Passed: verifycreateJobDatadriven 
Duration 238ms 
Testing Class-Method : [TestClass name=class com.api.phoenix.datadriven_Tests.CreateJobAPITest] 
Starting the Test Method: verifycreateJobDatadriven 
Description: verify createjobAPI 
Groups [regression, smoke, api] 
Test is Passed: verifycreateJobDatadriven 
Duration 202ms 
Testing Class-Method : [TestClass name=class com.api.phoenix.datadriven_Tests.CreateJobAPITest] 
Starting the Test Method: verifycreateJobDatadriven 
Description: verify createjobAPI 
Groups [regression, smoke, api] 
Test is Passed: verifycreateJobDatadriven 
Duration 216ms 
Testing Class-Method : [TestClass name=class com.api.phoenix.datadriven_Tests.CreateJobAPITest] 
Starting the Test Method: verifycreateJobDatadriven 
Description: verify createjobAPI 
Groups [regression, smoke, api] 
Test is Passed: verifycreateJobDatadriven 
Duration 290ms 
Testing Class-Method : [TestClass name=class com.api.phoenix.datadriven_Tests.CreateJobAPITest] 
Starting the Test Method: verifycreateJobDatadriven 
Description: verify createjobAPI 
Groups [regression, smoke, api] 
Test is Passed: verifycreateJobDatadriven 
Duration 195ms 
Testing Class-Method : [TestClass name=class com.api.phoenix.datadriven_Tests.CreateJobAPITest] 
Starting the Test Method: verifycreateJobDatadriven 
Description: verify createjobAPI 
Groups [regression, smoke, api] 
Test is Passed: verifycreateJobDatadriven 
Duration 199ms 
Testing Class-Method : [TestClass name=class com.api.phoenix.datadriven_Tests.CreateJobAPITest] 
Starting the Test Method: verifycreateJobDatadriven 
Description: verify createjobAPI 
Groups [regression, smoke, api] 
Test is Passed: verifycreateJobDatadriven 
Duration 221ms 
Testing Class-Method : [TestClass name=class com.api.phoenix.datadriven_Tests.CreateJobAPITest] 
Starting the Test Method: verifycreateJobDatadriven 
Description: verify createjobAPI 
Groups [regression, smoke, api] 
Test is Passed: verifycreateJobDatadriven 
Duration 217ms 
Testing Class-Method : [TestClass name=class com.api.phoenix.datadriven_Tests.CreateJobAPITest] 
Starting the Test Method: verifycreateJobDatadriven 
Description: verify createjobAPI 
Groups [regression, smoke, api] 
Test is Passed: verifycreateJobDatadriven 
Duration 214ms 
Testing Class-Method : [TestClass name=class com.api.phoenix.datadriven_Tests.CreateJobAPITest] 
Starting the Test Method: verifycreateJobDatadriven 
Description: verify createjobAPI 
Groups [regression, smoke, api] 
Test is Passed: verifycreateJobDatadriven 
Duration 213ms 
Testing Class-Method : [TestClass name=class com.api.phoenix.datadriven_Tests.CreateJobAPITest] 
Starting the Test Method: verifycreateJobDatadriven 
Description: verify createjobAPI 
Groups [regression, smoke, api] 
Test is Passed: verifycreateJobDatadriven 
Duration 207ms 
Testing Class-Method : [TestClass name=class com.api.phoenix.datadriven_Tests.CreateJobAPITest] 
Starting the Test Method: verifycreateJobDatadriven 
Description: verify createjobAPI 
Groups [regression, smoke, api] 
Test is Passed: verifycreateJobDatadriven 
Duration 202ms 
Testing Class-Method : [TestClass name=class com.api.phoenix.datadriven_Tests.CreateJobAPITest] 
Starting the Test Method: verifycreateJobDatadriven 
Description: verify createjobAPI 
Groups [regression, smoke, api] 
Test is Passed: verifycreateJobDatadriven 
Duration 188ms 
Testing Class-Method : [TestClass name=class com.api.phoenix.datadriven_Tests.CreateJobAPITest] 
Starting the Test Method: verifycreateJobDatadriven 
Description: verify createjobAPI 
Groups [regression, smoke, api] 
Test is Passed: verifycreateJobDatadriven 
Duration 200ms 
Testing Class-Method : [TestClass name=class com.api.phoenix.datadriven_Tests.CreateJobAPITest] 
Starting the Test Method: verifycreateJobDatadriven 
Description: verify createjobAPI 
Groups [regression, smoke, api] 
Test is Passed: verifycreateJobDatadriven 
Duration 184ms 
Testing Class-Method : [TestClass name=class com.api.phoenix.datadriven_Tests.CreateJobAPITest] 
Starting the Test Method: verifycreateJobDatadriven 
Description: verify createjobAPI 
Groups [regression, smoke, api] 
Test is Passed: verifycreateJobDatadriven 
Duration 221ms 
Testing Class-Method : [TestClass name=class com.api.phoenix.datadriven_Tests.CreateJobAPITest] 
Starting the Test Method: verifycreateJobDatadriven 
Description: verify createjobAPI 
Groups [regression, smoke, api] 
Test is Passed: verifycreateJobDatadriven 
Duration 194ms 
Testing Class-Method : [TestClass name=class com.api.phoenix.datadriven_Tests.CreateJobAPITest] 
Starting the Test Method: verifycreateJobDatadriven 
Description: verify createjobAPI 
Groups [regression, smoke, api] 
Test is Passed: verifycreateJobDatadriven 
Duration 239ms 
Testing Class-Method : [TestClass name=class com.api.phoenix.datadriven_Tests.CreateJobAPITest] 
Starting the Test Method: verifycreateJobDatadriven 
Description: verify createjobAPI 
Groups [regression, smoke, api] 
Test is Passed: verifycreateJobDatadriven 
Duration 196ms 
Testing Class-Method : [TestClass name=class com.api.phoenix.datadriven_Tests.CreateJobAPITest] 
Starting the Test Method: verifycreateJobDatadriven 
Description: verify createjobAPI 
Groups [regression, smoke, api] 
Test is Passed: verifycreateJobDatadriven 
Duration 201ms 
Testing Class-Method : [TestClass name=class com.api.phoenix.datadriven_Tests.CreateJobAPITest] 
Starting the Test Method: verifycreateJobDatadriven 
Description: verify createjobAPI 
Groups [regression, smoke, api] 
Test is Passed: verifycreateJobDatadriven 
Duration 205ms 
Testing Class-Method : [TestClass name=class com.api.phoenix.datadriven_Tests.CreateJobAPITest] 
Starting the Test Method: verifycreateJobDatadriven 
Description: verify createjobAPI 
Groups [regression, smoke, api] 
Test is Passed: verifycreateJobDatadriven 
Duration 225ms 
Testing Class-Method : [TestClass name=class com.api.phoenix.datadriven_Tests.CreateJobAPITest] 
Starting the Test Method: verifycreateJobDatadriven 
Description: verify createjobAPI 
Groups [regression, smoke, api] 
Test is Passed: verifycreateJobDatadriven 
Duration 253ms 
Testing Class-Method : [TestClass name=class com.api.phoenix.datadriven_Tests.CreateJobAPITest] 
Starting the Test Method: verifycreateJobDatadriven 
Description: verify createjobAPI 
Groups [regression, smoke, api] 
Test is Passed: verifycreateJobDatadriven 
Duration 225ms 
Testing Class-Method : [TestClass name=class com.api.phoenix.datadriven_Tests.CreateJobAPITest] 
Starting the Test Method: verifycreateJobDatadriven 
Description: verify createjobAPI 
Groups [regression, smoke, api] 
Test is Passed: verifycreateJobDatadriven 
Duration 231ms 
Testing Class-Method : [TestClass name=class com.api.phoenix.datadriven_Tests.CreateJobAPITest] 
Starting the Test Method: verifycreateJobDatadriven 
Description: verify createjobAPI 
Groups [regression, smoke, api] 
Test is Passed: verifycreateJobDatadriven 
Duration 185ms 
Testing Class-Method : [TestClass name=class com.api.phoenix.datadriven_Tests.CreateJobAPITest] 
Starting the Test Method: verifycreateJobDatadriven 
Description: verify createjobAPI 
Groups [regression, smoke, api] 
Test is Passed: verifycreateJobDatadriven 
Duration 213ms 
Testing Class-Method : [TestClass name=class com.api.phoenix.datadriven_Tests.CreateJobAPITest] 
Starting the Test Method: verifycreateJobDatadriven 
Description: verify createjobAPI 
Groups [regression, smoke, api] 
Test is Passed: verifycreateJobDatadriven 
Duration 208ms 
Testing Class-Method : [TestClass name=class com.api.phoenix.datadriven_Tests.CreateJobAPITest] 
Starting the Test Method: verifycreateJobDatadriven 
Description: verify createjobAPI 
Groups [regression, smoke, api] 
Test is Passed: verifycreateJobDatadriven 
Duration 190ms 
Testing Class-Method : [TestClass name=class com.api.phoenix.datadriven_Tests.CreateJobAPITest] 
Starting the Test Method: verifycreateJobDatadriven 
Description: verify createjobAPI 
Groups [regression, smoke, api] 
Test is Passed: verifycreateJobDatadriven 
Duration 184ms 
Testing Class-Method : [TestClass name=class com.api.phoenix.datadriven_Tests.CreateJobAPITest] 
Starting the Test Method: verifycreateJobDatadriven 
Description: verify createjobAPI 
Groups [regression, smoke, api] 
Test is Passed: verifycreateJobDatadriven 
Duration 185ms 
Testing Class-Method : [TestClass name=class com.api.phoenix.datadriven_Tests.CreateJobAPITest] 
Starting the Test Method: verifycreateJobDatadriven 
Description: verify createjobAPI 
Groups [regression, smoke, api] 
Test is Passed: verifycreateJobDatadriven 
Duration 207ms 
Testing Class-Method : [TestClass name=class com.api.phoenix.datadriven_Tests.CreateJobAPITest] 
Starting the Test Method: verifycreateJobDatadriven 
Description: verify createjobAPI 
Groups [regression, smoke, api] 
Test is Passed: verifycreateJobDatadriven 
Duration 206ms 
Testing Class-Method : [TestClass name=class com.api.phoenix.datadriven_Tests.CreateJobAPITest] 
Starting the Test Method: verifycreateJobDatadriven 
Description: verify createjobAPI 
Groups [regression, smoke, api] 
Test is Passed: verifycreateJobDatadriven 
Duration 195ms 
Testing Class-Method : [TestClass name=class com.api.phoenix.datadriven_Tests.CreateJobAPITest] 
Starting the Test Method: verifycreateJobDatadriven 
Description: verify createjobAPI 
Groups [regression, smoke, api] 
Test is Passed: verifycreateJobDatadriven 
Duration 267ms 
Testing Class-Method : [TestClass name=class com.api.phoenix.datadriven_Tests.CreateJobAPITest] 
Starting the Test Method: verifycreateJobDatadriven 
Description: verify createjobAPI 
Groups [regression, smoke, api] 
Test is Passed: verifycreateJobDatadriven 
Duration 222ms 
Testing Class-Method : [TestClass name=class com.api.phoenix.datadriven_Tests.CreateJobAPITest] 
Starting the Test Method: verifycreateJobDatadriven 
Description: verify createjobAPI 
Groups [regression, smoke, api] 
Test is Passed: verifycreateJobDatadriven 
Duration 214ms 
Testing Class-Method : [TestClass name=class com.api.phoenix.datadriven_Tests.CreateJobAPITest] 
Starting the Test Method: verifycreateJobDatadriven 
Description: verify createjobAPI 
Groups [regression, smoke, api] 
Test is Passed: verifycreateJobDatadriven 
Duration 241ms 
Testing Class-Method : [TestClass name=class com.api.phoenix.datadriven_Tests.CreateJobAPITest] 
Starting the Test Method: verifycreateJobDatadriven 
Description: verify createjobAPI 
Groups [regression, smoke, api] 
Test is Passed: verifycreateJobDatadriven 
Duration 232ms 
Testing Class-Method : [TestClass name=class com.api.phoenix.datadriven_Tests.CreateJobAPITest] 
Starting the Test Method: verifycreateJobDatadriven 
Description: verify createjobAPI 
Groups [regression, smoke, api] 
Test is Passed: verifycreateJobDatadriven 
Duration 240ms 
Testing Class-Method : [TestClass name=class com.api.phoenix.datadriven_Tests.CreateJobAPITest] 
Starting the Test Method: verifycreateJobDatadriven 
Description: verify createjobAPI 
Groups [regression, smoke, api] 
Test is Passed: verifycreateJobDatadriven 
Duration 190ms 
Testing Class-Method : [TestClass name=class com.api.phoenix.datadriven_Tests.CreateJobAPITest] 
Starting the Test Method: verifycreateJobDatadriven 
Description: verify createjobAPI 
Groups [regression, smoke, api] 
Test is Passed: verifycreateJobDatadriven 
Duration 206ms 
Testing Class-Method : [TestClass name=class com.api.phoenix.datadriven_Tests.CreateJobAPITest] 
Starting the Test Method: verifycreateJobDatadriven 
Description: verify createjobAPI 
Groups [regression, smoke, api] 
Test is Passed: verifycreateJobDatadriven 
Duration 202ms 
Testing Class-Method : [TestClass name=class com.api.phoenix.datadriven_Tests.CreateJobAPITest] 
Starting the Test Method: verifycreateJobDatadriven 
Description: verify createjobAPI 
Groups [regression, smoke, api] 
Test is Passed: verifycreateJobDatadriven 
Duration 198ms 
Testing Class-Method : [TestClass name=class com.api.phoenix.datadriven_Tests.CreateJobAPITest] 
Starting the Test Method: verifycreateJobDatadriven 
Description: verify createjobAPI 
Groups [regression, smoke, api] 
Test is Passed: verifycreateJobDatadriven 
Duration 185ms 
Testing Class-Method : [TestClass name=class com.api.phoenix.datadriven_Tests.CreateJobAPITest] 
Starting the Test Method: verifycreateJobDatadriven 
Description: verify createjobAPI 
Groups [regression, smoke, api] 
Test is Passed: verifycreateJobDatadriven 
Duration 200ms 
Testing Class-Method : [TestClass name=class com.api.phoenix.datadriven_Tests.CreateJobAPITest] 
Starting the Test Method: verifycreateJobDatadriven 
Description: verify createjobAPI 
Groups [regression, smoke, api] 
Test is Passed: verifycreateJobDatadriven 
Duration 214ms 
Testing Class-Method : [TestClass name=class com.api.phoenix.datadriven_Tests.CreateJobAPITest] 
Starting the Test Method: verifycreateJobDatadriven 
Description: verify createjobAPI 
Groups [regression, smoke, api] 
Test is Passed: verifycreateJobDatadriven 
Duration 238ms 
Testing Class-Method : [TestClass name=class com.api.phoenix.datadriven_Tests.CreateJobAPITest] 
Starting the Test Method: verifycreateJobDatadriven 
Description: verify createjobAPI 
Groups [regression, smoke, api] 
Test is Passed: verifycreateJobDatadriven 
Duration 209ms 
Testing Class-Method : [TestClass name=class com.api.phoenix.datadriven_Tests.CreateJobAPITest] 
Starting the Test Method: verifycreateJobDatadriven 
Description: verify createjobAPI 
Groups [regression, smoke, api] 
Test is Passed: verifycreateJobDatadriven 
Duration 206ms 
Testing Class-Method : [TestClass name=class com.api.phoenix.datadriven_Tests.CreateJobAPITest] 
Starting the Test Method: verifycreateJobDatadriven 
Description: verify createjobAPI 
Groups [regression, smoke, api] 
Test is Passed: verifycreateJobDatadriven 
Duration 219ms 
Testing Class-Method : [TestClass name=class com.api.phoenix.datadriven_Tests.CreateJobAPITest] 
Starting the Test Method: verifycreateJobDatadriven 
Description: verify createjobAPI 
Groups [regression, smoke, api] 
Test is Passed: verifycreateJobDatadriven 
Duration 183ms 
Testing Class-Method : [TestClass name=class com.api.phoenix.datadriven_Tests.CreateJobAPITest] 
Starting the Test Method: verifycreateJobDatadriven 
Description: verify createjobAPI 
Groups [regression, smoke, api] 
Test is Passed: verifycreateJobDatadriven 
Duration 217ms 
Testing Class-Method : [TestClass name=class com.api.phoenix.datadriven_Tests.CreateJobAPITest] 
Starting the Test Method: verifycreateJobDatadriven 
Description: verify createjobAPI 
Groups [regression, smoke, api] 
Test is Passed: verifycreateJobDatadriven 
Duration 204ms 
Testing Class-Method : [TestClass name=class com.api.phoenix.datadriven_Tests.CreateJobAPITest] 
Starting the Test Method: verifycreateJobDatadriven 
Description: verify createjobAPI 
Groups [regression, smoke, api] 
Test is Passed: verifycreateJobDatadriven 
Duration 225ms 
Testing Class-Method : [TestClass name=class com.api.phoenix.datadriven_Tests.CreateJobAPITest] 
Starting the Test Method: verifycreateJobDatadriven 
Description: verify createjobAPI 
Groups [regression, smoke, api] 
Test is Passed: verifycreateJobDatadriven 
Duration 191ms 
Testing Class-Method : [TestClass name=class com.api.phoenix.datadriven_Tests.CreateJobAPITest] 
Starting the Test Method: verifycreateJobDatadriven 
Description: verify createjobAPI 
Groups [regression, smoke, api] 
Test is Passed: verifycreateJobDatadriven 
Duration 226ms 
Testing Class-Method : [TestClass name=class com.api.phoenix.datadriven_Tests.CreateJobAPITest] 
Starting the Test Method: verifycreateJobDatadriven 
Description: verify createjobAPI 
Groups [regression, smoke, api] 
Test is Passed: verifycreateJobDatadriven 
Duration 186ms 
Testing Class-Method : [TestClass name=class com.api.phoenix.datadriven_Tests.CreateJobAPITest] 
Starting the Test Method: verifycreateJobDatadriven 
Description: verify createjobAPI 
Groups [regression, smoke, api] 
Test is Passed: verifycreateJobDatadriven 
Duration 210ms 
Testing Class-Method : [TestClass name=class com.api.phoenix.datadriven_Tests.CreateJobAPITest] 
Starting the Test Method: verifycreateJobDatadriven 
Description: verify createjobAPI 
Groups [regression, smoke, api] 
Test is Passed: verifycreateJobDatadriven 
Duration 233ms 
Testing Class-Method : [TestClass name=class com.api.phoenix.datadriven_Tests.CreateJobAPITest] 
Starting the Test Method: verifycreateJobDatadriven 
Description: verify createjobAPI 
Groups [regression, smoke, api] 
Test is Passed: verifycreateJobDatadriven 
Duration 230ms 
Testing Class-Method : [TestClass name=class com.api.phoenix.datadriven_Tests.CreateJobAPITest] 
Starting the Test Method: verifycreateJobDatadriven 
Description: verify createjobAPI 
Groups [regression, smoke, api] 
Test is Passed: verifycreateJobDatadriven 
Duration 195ms 
Testing Class-Method : [TestClass name=class com.api.phoenix.datadriven_Tests.CreateJobAPITest] 
Starting the Test Method: verifycreateJobDatadriven 
Description: verify createjobAPI 
Groups [regression, smoke, api] 
Test is Passed: verifycreateJobDatadriven 
Duration 223ms 
Testing Class-Method : [TestClass name=class com.api.phoenix.datadriven_Tests.CreateJobAPITest] 
Starting the Test Method: verifycreateJobDatadriven 
Description: verify createjobAPI 
Groups [regression, smoke, api] 
Test is Passed: verifycreateJobDatadriven 
Duration 326ms 
Testing Class-Method : [TestClass name=class com.api.phoenix.datadriven_Tests.CreateJobAPITest] 
Starting the Test Method: verifycreateJobDatadriven 
Description: verify createjobAPI 
Groups [regression, smoke, api] 
Test is Passed: verifycreateJobDatadriven 
Duration 200ms 
Testing Class-Method : [TestClass name=class com.api.phoenix.datadriven_Tests.CreateJobAPITest] 
Starting the Test Method: verifycreateJobDatadriven 
Description: verify createjobAPI 
Groups [regression, smoke, api] 
Test is Passed: verifycreateJobDatadriven 
Duration 222ms 
Testing Class-Method : [TestClass name=class com.api.phoenix.datadriven_Tests.CreateJobAPITest] 
Starting the Test Method: verifycreateJobDatadriven 
Description: verify createjobAPI 
Groups [regression, smoke, api] 
Test is Passed: verifycreateJobDatadriven 
Duration 216ms 
Testing Class-Method : [TestClass name=class com.api.phoenix.datadriven_Tests.CreateJobAPITest] 
Starting the Test Method: verifycreateJobDatadriven 
Description: verify createjobAPI 
Groups [regression, smoke, api] 
Test is Passed: verifycreateJobDatadriven 
Duration 220ms 
Testing Class-Method : [TestClass name=class com.api.phoenix.datadriven_Tests.CreateJobAPITest] 
Starting the Test Method: verifycreateJobDatadriven 
Description: verify createjobAPI 
Groups [regression, smoke, api] 
Test is Passed: verifycreateJobDatadriven 
Duration 185ms 
Testing Class-Method : [TestClass name=class com.api.phoenix.datadriven_Tests.CreateJobAPITest] 
Starting the Test Method: verifycreateJobDatadriven 
Description: verify createjobAPI 
Groups [regression, smoke, api] 
Test is Passed: verifycreateJobDatadriven 
Duration 181ms 
Testing Class-Method : [TestClass name=class com.api.phoenix.datadriven_Tests.CreateJobAPITest] 
Starting the Test Method: verifycreateJobDatadriven 
Description: verify createjobAPI 
Groups [regression, smoke, api] 
Test is Passed: verifycreateJobDatadriven 
Duration 177ms 
Testing Class-Method : [TestClass name=class com.api.phoenix.datadriven_Tests.CreateJobAPITest] 
Starting the Test Method: verifycreateJobDatadriven 
Description: verify createjobAPI 
Groups [regression, smoke, api] 
Test is Passed: verifycreateJobDatadriven 
Duration 187ms 
Testing Class-Method : [TestClass name=class com.api.phoenix.datadriven_Tests.CreateJobAPITest] 
Starting the Test Method: verifycreateJobDatadriven 
Description: verify createjobAPI 
Groups [regression, smoke, api] 
Test is Passed: verifycreateJobDatadriven 
Duration 201ms 
Testing Class-Method : [TestClass name=class com.api.phoenix.datadriven_Tests.CreateJobAPITest] 
Starting the Test Method: verifycreateJobDatadriven 
Description: verify createjobAPI 
Groups [regression, smoke, api] 
Test is Passed: verifycreateJobDatadriven 
Duration 213ms 
Testing Class-Method : [TestClass name=class com.api.phoenix.datadriven_Tests.CreateJobAPITest] 
Starting the Test Method: verifycreateJobDatadriven 
Description: verify createjobAPI 
Groups [regression, smoke, api] 
Test is Passed: verifycreateJobDatadriven 
Duration 186ms 
Testing Class-Method : [TestClass name=class com.api.phoenix.datadriven_Tests.CreateJobAPITest] 
Starting the Test Method: verifycreateJobDatadriven 
Description: verify createjobAPI 
Groups [regression, smoke, api] 
Test is Passed: verifycreateJobDatadriven 
Duration 177ms 
Testing Class-Method : [TestClass name=class com.api.phoenix.datadriven_Tests.CreateJobAPITest] 
Starting the Test Method: verifycreateJobDatadriven 
Description: verify createjobAPI 
Groups [regression, smoke, api] 
Test is Passed: verifycreateJobDatadriven 
Duration 201ms 
Testing Class-Method : [TestClass name=class com.api.phoenix.datadriven_Tests.CreateJobAPITest] 
Starting the Test Method: verifycreateJobDatadriven 
Description: verify createjobAPI 
Groups [regression, smoke, api] 
Test is Passed: verifycreateJobDatadriven 
Duration 210ms 
Testing Class-Method : [TestClass name=class com.api.phoenix.datadriven_Tests.CreateJobAPITest] 
Starting the Test Method: verifycreateJobDatadriven 
Description: verify createjobAPI 
Groups [regression, smoke, api] 
Test is Passed: verifycreateJobDatadriven 
Duration 182ms 
Testing Class-Method : [TestClass name=class com.api.phoenix.datadriven_Tests.CreateJobAPITest] 
Starting the Test Method: verifycreateJobDatadriven 
Description: verify createjobAPI 
Groups [regression, smoke, api] 
Test is Passed: verifycreateJobDatadriven 
Duration 169ms 
Testing Class-Method : [TestClass name=class com.api.phoenix.datadriven_Tests.CreateJobAPITest] 
Starting the Test Method: verifycreateJobDatadriven 
Description: verify createjobAPI 
Groups [regression, smoke, api] 
Test is Passed: verifycreateJobDatadriven 
Duration 197ms 
Testing Class-Method : [TestClass name=class com.api.phoenix.datadriven_Tests.CreateJobAPITest] 
Starting the Test Method: verifycreateJobDatadriven 
Description: verify createjobAPI 
Groups [regression, smoke, api] 
Test is Passed: verifycreateJobDatadriven 
Duration 190ms 
Testing Class-Method : [TestClass name=class com.api.phoenix.datadriven_Tests.CreateJobAPITest] 
Starting the Test Method: verifycreateJobDatadriven 
Description: verify createjobAPI 
Groups [regression, smoke, api] 
Test is Passed: verifycreateJobDatadriven 
Duration 177ms 
Testing Class-Method : [TestClass name=class com.api.phoenix.datadriven_Tests.CreateJobAPITest] 
Starting the Test Method: verifycreateJobDatadriven 
Description: verify createjobAPI 
Groups [regression, smoke, api] 
Test is Passed: verifycreateJobDatadriven 
Duration 176ms 
Testing Class-Method : [TestClass name=class com.api.phoenix.datadriven_Tests.CreateJobAPITest] 
Starting the Test Method: verifycreateJobDatadriven 
Description: verify createjobAPI 
Groups [regression, smoke, api] 
Test is Passed: verifycreateJobDatadriven 
Duration 182ms 
Phoenix Framework is starting!!!
Testing Class-Method : [TestClass name=class phoenix_api_automation_framework.LoginAPITest] 
Starting the Test Method: loginTest 
Description: verify LoginAPI 
Groups [regression, smoke, api] 
Calling Login method from Auth Service
BaseURI: http://64.227.160.186:9000/v1/login
HTTP Method: POST
Accept: application/json, application/javascript, text/javascript, text/json
Content-Type: application/json
Request Body: {"username":"iamfd","Password":"[REDACTED]"}
Response Body: {
    "message": "Success",
    "data": {
        "token":"[REDACTED]"
    }
}
Test is Passed: loginTest 
Duration 5180ms 
Testing Class-Method : [TestClass name=class phoenix_api_automation_framework.UserdetailAPI_Test] 
Starting the Test Method: userdetailAPI_Test 
Description: to verify Userdetail API 
Groups [regression, smoke, api] 
Calling Userdetails from Userdetails service
BaseURI: http://64.227.160.186:9000/v1/userdetails
HTTP Method: GET
Accept: application/json, application/javascript, text/javascript, text/json
Authorization: REDACTED
Content-Type: application/json
Response Body: {
    "message": "Success",
    "data": {
        "id": 4,
        "first_name": "fd",
        "last_name": "fd",
        "login_id": "iamfd",
        "mobile_number": "8899776655",
        "email_id": "mark@gmail.com",
        "password": "5f4dcc3b5aa765d61d8327deb882cf99",
        "reset_password_date": null,
        "lock_status": 0,
        "is_active": 1,
        "mst_role_id": 5,
        "mst_service_location_id": 1,
        "created_at": "2021-11-03T08:06:23.000Z",
        "modified_at": "2021-11-03T08:06:23.000Z",
        "role_name": "FrontDesk",
        "service_location": "Service Center A"
    }
}
Test is Passed: userdetailAPI_Test 
Duration 428ms 
Testing Class-Method : [TestClass name=class phoenix_api_automation_framework.CountAPITest] 
Starting the Test Method: missingtoken_countAPI 
Description: to verify CountAPI with missing token 
Groups [negative, regression, smoke, api] 
Test is Passed: missingtoken_countAPI 
Duration 866ms 
Testing Class-Method : [TestClass name=class phoenix_api_automation_framework.CountAPITest] 
Starting the Test Method: verifyCountAPI 
Description: to verify countAPI 
Groups [regression, smoke, api] 
Calling count from Dashboard service
BaseURI: http://64.227.160.186:9000/v1/dashboard/count
HTTP Method: GET
Accept: application/json, application/javascript, text/javascript, text/json
Authorization: REDACTED
Content-Type: application/json
Response Body: {
    "message": "Success",
    "data": [
        {
            "label": "Pending for delivery",
            "key": "pending_for_delivery",
            "count": 0
        },
        {
            "label": "Created today",
            "key": "created_today",
            "count": 233
        },
        {
            "label": "Pending for FST assignment",
            "key": "pending_fst_assignment",
            "count": 0
        }
    ]
}
Test is Passed: verifyCountAPI 
Duration 383ms 
Testing Class-Method : [TestClass name=class phoenix_api_automation_framework.MasterAPI_Test] 
Starting the Test Method: verifymasterAPI 
Description: to verify MasterAPI 
Groups [regression, smoke, api] 
BaseURI: http://64.227.160.186:9000/v1/master
HTTP Method: POST
Accept: application/json, application/javascript, text/javascript, text/json
Authorization: REDACTED
Content-Type: application/json
Response Body: {
    "message": "Success",
    "data": {
        "mst_oem": [
            {
                "id": 1,
                "name": "Google",
                "code": "GL",
                "is_active": 1,
                "created_at": "2021-10-26T08:24:17.000Z",
                "modified_at": "2021-10-26T08:24:17.000Z"
            },
            {
                "id": 2,
                "name": "Apple",
                "code": "APL",
                "is_active": 1,
                "created_at": "2021-10-26T08:24:17.000Z",
                "modified_at": "2021-10-26T08:24:17.000Z"
            }
        ],
        "mst_model": [
            {
                "id": 1,
                "name": "Nexus 2 blue",
                "code": "NX2BL",
                "mst_product_id": 1,
                "is_active": 1,
                "created_at": "2021-10-29T19:28:00.000Z",
                "modified_at": "2021-10-29T19:28:00.000Z"
            },
            {
                "id": 2,
                "name": "gallexy",
                "code": "gl",
                "mst_product_id": 1,
                "is_active": 1,
                "created_at": "2022-06-10T07:18:03.000Z",
                "modified_at": "2022-06-10T07:18:03.000Z"
            },
            {
                "id": 3,
                "name": "Iphone 11",
                "code": "ip11",
                "mst_product_id": 3,
                "is_active": 1,
                "created_at": "2022-08-18T16:59:27.000Z",
                "modified_at": "2022-08-18T17:00:31.000Z"
            }
        ],
        "mst_action_status": [
            {
                "id": 1,
                "name": "Job Creation",
                "code": "JBC",
                "description": "Job Creation",
                "is_active": 1,
                "created_at": "2021-10-26T08:48:23.000Z",
                "modified_at": "2021-10-26T08:48:23.000Z"
            },
            {
                "id": 2,
                "name": "Pending For Job Assignment",
                "code": "PJFA",
                "description": "Pending For Job Assignment",
                "is_active": 1,
                "created_at": "2021-10-26T08:48:23.000Z",
                "modified_at": "2021-10-26T08:48:23.000Z"
            },
            {
                "id": 3,
                "name": "Pending For Repair",
                "code": "PFR",
                "description": "Pending For Repair",
                "is_active": 1,
                "created_at": "2021-10-26T08:48:23.000Z",
                "modified_at": "2021-10-26T08:48:23.000Z"
            },
            {
                "id": 4,
                "name": "Pending For QC",
                "code": "PFQC",
                "description": "Pending For QC",
                "is_active": 1,
                "created_at": "2021-10-26T08:48:23.000Z",
                "modified_at": "2021-10-26T08:48:23.000Z"
            },
            {
                "id": 5,
                "name": "Pending for Delivery",
                "code": "PDL",
                "description": "Pending for Delivery",
                "is_active": 1,
                "created_at": "2021-10-26T08:48:23.000Z",
                "modified_at": "2021-12-20T08:00:39.000Z"
            },
            {
                "id": 6,
                "name": "Delivered to customer",
                "code": "DC",
                "description": "Delivered to customer",
                "is_active": 1,
                "created_at": "2021-10-26T08:48:23.000Z",
                "modified_at": "2021-12-20T08:01:48.000Z"
            },
            {
                "id": 7,
                "name": "QC Rejected",
                "code": "QCR",
                "description": "QC Rejected",
                "is_active": 1,
                "created_at": "2021-10-26T08:48:23.000Z",
                "modified_at": "2021-10-26T08:48:23.000Z"
            },
            {
                "id": 8,
                "name": "Quatation Raised",
                "code": "QR",
                "description": "Quatation Raised",
                "is_active": 1,
                "created_at": "2021-10-26T08:48:23.000Z",
                "modified_at": "2021-10-26T08:48:23.000Z"
            },
            {
                "id": 9,
                "name": "Pending For Payment",
                "code": "PFP",
                "description": "Pending For Payment",
                "is_active": 1,
                "created_at": "2021-10-26T08:48:23.000Z",
                "modified_at": "2021-10-26T08:48:23.000Z"
            },
            {
                "id": 10,
                "name": "Payment Is Done",
                "code": "PD",
                "description": "Payment Is Done",
                "is_active": 1,
                "created_at": "2021-10-26T08:48:23.000Z",
                "modified_at": "2021-10-26T08:48:23.000Z"
            },
            {
                "id": 11,
                "name": "Job Closed Successfully",
                "code": "JC",
                "description": "Job Closed Successfully",
                "is_active": 1,
                "created_at": "2021-10-26T08:48:23.000Z",
                "modified_at": "2021-10-26T08:48:23.000Z"
            },
            {
                "id": 12,
                "name": "Assigned to FST - Inbound",
                "code": "AFI",
                "description": "Assigned to FST - Inbound",
                "is_active": 1,
                "created_at": "2021-10-26T08:48:23.000Z",
                "modified_at": "2021-10-26T08:48:23.000Z"
            },
            {
                "id": 13,
                "name": "Assigned to FST - Outbound",
                "code": "AFO",
                "description": "Assigned to FST - Outbound",
                "is_active": 1,
                "created_at": "2021-10-26T08:48:23.000Z",
                "modified_at": "2021-10-26T08:48:23.000Z"
            },
            {
                "id": 14,
                "name": "Begin Journey",
                "code": "BJY",
                "description": "Begin Journey",
                "is_active": 1,
                "created_at": "2021-10-26T08:48:23.000Z",
                "modified_at": "2021-10-26T08:48:23.000Z"
            },
            {
                "id": 15,
                "name": "Submitted To FD",
                "code": "SFD",
                "description": "Submitted To FD",
                "is_active": 1,
                "created_at": "2021-10-26T08:48:23.000Z",
                "modified_at": "2021-10-26T08:48:23.000Z"
            },
            {
                "id": 16,
                "name": "Collected At FD",
                "code": "CFD",
                "description": "Collected At FD",
                "is_active": 1,
                "created_at": "2021-10-26T08:48:23.000Z",
                "modified_at": "2021-10-26T08:48:23.000Z"
            }
        ],
        "mst_warrenty_status": [
            {
                "id": 1,
                "name": "In Warrenty",
                "code": "IW",
                "description": "In Warrenty",
                "is_active": 1,
                "created_at": "2021-10-26T08:26:04.000Z",
                "modified_at": "2021-10-26T08:26:04.000Z"
            },
            {
                "id": 2,
                "name": "Out Of Warrenty",
                "code": "OOW",
                "description": "Out Of Warrenty",
                "is_active": 1,
                "created_at": "2021-10-26T08:26:04.000Z",
                "modified_at": "2021-10-26T08:26:04.000Z"
            }
        ],
        "mst_platform": [
            {
                "id": 1,
                "name": "FST",
                "code": "FST",
                "description": "Field technician will go to customer's house",
                "is_active": 1,
                "created_at": "2021-10-26T08:37:12.000Z",
                "modified_at": "2021-10-26T08:37:12.000Z"
            },
            {
                "id": 2,
                "name": "Front Desk",
                "code": "FD",
                "description": "Customer will come to service center to submit his device",
                "is_active": 1,
                "created_at": "2021-10-26T08:37:12.000Z",
                "modified_at": "2021-10-26T08:37:12.000Z"
            }
        ],
        "mst_product": [
            {
                "id": 1,
                "name": "Nexus 2",
                "code": "NX2",
                "mst_oem_id": 1,
                "is_active": 1,
                "created_at": "2021-10-29T19:27:21.000Z",
                "modified_at": "2021-10-29T19:27:21.000Z"
            },
            {
                "id": 2,
                "name": "Pixel",
                "code": "gl",
                "mst_oem_id": 1,
                "is_active": 1,
                "created_at": "2022-06-10T07:16:57.000Z",
                "modified_at": "2022-08-18T16:55:02.000Z"
            },
            {
                "id": 3,
                "name": "IPhone",
                "code": "ip",
                "mst_oem_id": 2,
                "is_active": 1,
                "created_at": "2022-08-18T16:56:15.000Z",
                "modified_at": "2022-08-18T16:57:20.000Z"
            }
        ],
        "mst_role": [
            {
                "id": 1,
                "name": "Engineer",
                "code": "ENG",
                "description": "Engineer",
                "is_active": 1,
                "created_at": "2021-10-26T08:39:48.000Z",
                "modified_at": "2021-10-26T08:39:48.000Z"
            },
            {
                "id": 2,
                "name": "Supervisor",
                "code": "SPV",
                "description": "Supervisor",
                "is_active": 1,
                "created_at": "2021-10-26T08:39:48.000Z",
                "modified_at": "2021-10-26T08:39:48.000Z"
            },
            {
                "id": 3,
                "name": "FST",
                "code": "FST",
                "description": "Field Service Technician",
                "is_active": 1,
                "created_at": "2021-10-26T08:39:48.000Z",
                "modified_at": "2021-10-26T08:39:48.000Z"
            },
            {
                "id": 4,
                "name": "QC",
                "code": "QC",
                "description": "Quality check",
                "is_active": 1,
                "created_at": "2021-10-26T08:39:48.000Z",
                "modified_at": "2021-10-26T08:39:48.000Z"
            },
            {
                "id": 5,
                "name": "FrontDesk",
                "code": "FD",
                "description": "Front Desk",
                "is_active": 1,
                "created_at": "2021-10-26T08:39:48.000Z",
                "modified_at": "2022-01-04T15:16:54.000Z"
            },
            {
                "id": 6,
                "name": "Callcenter",
                "code": "CC",
                "description": "Callcenter",
                "is_active": 1,
                "created_at": "2021-10-26T08:39:48.000Z",
                "modified_at": "2022-01-04T15:16:54.000Z"
            }
        ],
        "mst_service_location": [
            {
                "id": 1,
                "name": "Service Center A",
                "code": "B2X",
                "mobile_number": "8877667788",
                "email_id": "servicecentera@gmail.com",
                "address": "M.G. Road, Andheri(E)",
                "pincode": 400075,
                "country": "India",
                "gstin": "22AAAAA0000A1",
                "is_repair_line_engineer": 1,
                "is_active": 1,
                "created_at": "2021-10-26T08:30:50.000Z",
                "modified_at": "2022-04-03T16:09:58.000Z"
            },
            {
                "id": 2,
                "name": "Service Center B",
                "code": "SFY",
                "mobile_number": "8877667789",
                "email_id": "servicecenterb@gmail.com",
                "address": "M.G. Road, Andheri(E)",
                "pincode": 400606,
                "country": "India",
                "gstin": "22AAAAA0000B2",
                "is_repair_line_engineer": 1,
                "is_active": 1,
                "created_at": "2021-10-26T08:30:50.000Z",
                "modified_at": "2022-04-03T16:09:59.000Z"
            },
            {
                "id": 3,
                "name": "Service Centre C",
                "code": "PKC",
                "mobile_number": "8877667790",
                "email_id": "servicecenterpk@gmail.com",
                "address": "Srinagar,Kashmir(A)",
                "pincode": 577432,
                "country": "India",
                "gstin": "22AAAAA0000C3",
                "is_repair_line_engineer": 1,
                "is_active": 1,
                "created_at": "2022-12-13T11:05:47.000Z",
                "modified_at": "2022-12-13T11:05:47.000Z"
            }
        ],
        "mst_problem": [
            {
                "id": 1,
                "name": "Smartphone is running slow",
                "created_at": "2022-01-08T10:07:18.000Z",
                "modified_at": "2022-01-08T10:07:18.000Z"
            },
            {
                "id": 2,
                "name": "Poor battery life",
                "created_at": "2022-01-08T10:07:18.000Z",
                "modified_at": "2022-01-08T10:07:18.000Z"
            },
            {
                "id": 3,
                "name": "Phone or app crashes",
                "created_at": "2022-01-08T10:07:18.000Z",
                "modified_at": "2022-01-08T10:07:18.000Z"
            },
            {
                "id": 4,
                "name": "Sync issue",
                "created_at": "2022-01-08T10:07:18.000Z",
                "modified_at": "2022-01-08T10:07:18.000Z"
            },
            {
                "id": 5,
                "name": "MicroSD card is not working on your phone",
                "created_at": "2022-01-08T10:07:18.000Z",
                "modified_at": "2022-01-08T10:07:18.000Z"
            },
            {
                "id": 6,
                "name": "Overheating",
                "created_at": "2022-01-08T10:07:18.000Z",
                "modified_at": "2022-01-08T10:07:18.000Z"
            },
            {
                "id": 7,
                "name": "Connecting problem with Bluetooth, Wifi, Cellular network",
                "created_at": "2022-01-08T10:07:19.000Z",
                "modified_at": "2022-01-08T10:07:19.000Z"
            },
            {
                "id": 8,
                "name": "Cracked screen",
                "created_at": "2022-01-08T10:07:19.000Z",
                "modified_at": "2022-01-08T10:07:19.000Z"
            },
            {
                "id": 9,
                "name": "Other",
                "created_at": "2022-01-08T10:07:19.000Z",
                "modified_at": "2022-01-08T10:07:19.000Z"
            },
            {
                "id": 10,
                "name": "Camera issue",
                "created_at": "2022-06-13T15:01:02.000Z",
                "modified_at": "2022-06-13T15:01:02.000Z"
            },
            {
                "id": 11,
                "name": "Charger Not Working",
                "created_at": "2022-08-14T12:38:04.000Z",
                "modified_at": "2022-08-14T12:38:04.000Z"
            },
            {
                "id": 12,
                "name": " Software Booting Issue ",
                "created_at": "2022-08-14T13:03:08.000Z",
                "modified_at": "2022-08-14T13:03:08.000Z"
            },
            {
                "id": 15,
                "name": "Head Phone Jack not working",
                "created_at": "2022-06-16T15:22:18.000Z",
                "modified_at": "2022-06-16T15:22:18.000Z"
            },
            {
                "id": 16,
                "name": "Head Phone issue",
                "created_at": "2022-06-16T15:27:47.000Z",
                "modified_at": "2022-06-16T15:27:47.000Z"
            },
            {
                "id": 17,
                "name": "Random Problem",
                "created_at": "2022-07-11T02:56:01.000Z",
                "modified_at": "2022-07-11T02:56:01.000Z"
            },
            {
                "id": 19,
                "name": "Front camera not working",
                "created_at": "2022-07-13T17:50:54.000Z",
                "modified_at": "2022-07-13T17:50:54.000Z"
            },
            {
                "id": 20,
                "name": "Battery issue",
                "created_at": "2022-07-13T17:51:47.000Z",
                "modified_at": "2022-07-13T17:51:47.000Z"
            },
            {
                "id": 22,
                "name": "Screen display issue",
                "created_at": "2022-08-29T11:09:24.000Z",
                "modified_at": "2022-08-29T11:09:24.000Z"
            },
            {
                "id": 24,
                "name": "Apps Not Downloading",
                "created_at": "2022-08-29T12:10:34.000Z",
                "modified_at": "2022-08-29T12:10:34.000Z"
            },
            {
                "id": 26,
                "name": "Unresponsive screen",
                "created_at": "2022-09-19T10:03:08.000Z",
                "modified_at": "2022-09-19T10:03:08.000Z"
            },
            {
                "id": 27,
                "name": "Blue Screen Error",
                "created_at": "2022-12-13T11:01:48.000Z",
                "modified_at": "2022-12-13T11:01:48.000Z"
            },
            {
                "id": 28,
                "name": "PK Test Prob1",
                "created_at": "2022-12-19T20:42:09.000Z",
                "modified_at": "2022-12-19T20:42:09.000Z"
            },
            {
                "id": 29,
                "name": "PK Test Prob1",
                "created_at": "2022-12-19T20:42:09.000Z",
                "modified_at": "2022-12-19T20:42:09.000Z"
            }
        ],
        "map_fst_pincode": [
            {
                "pincode": 100011,
                "mst_service_location_id": 1,
                "mst_service_location_name": "Service Center A"
            },
            {
                "pincode": 100012,
                "mst_service_location_id": 1,
                "mst_service_location_name": "Service Center A"
            },
            {
                "pincode": 100013,
                "mst_service_location_id": 1,
                "mst_service_location_name": "Service Center A"
            },
            {
                "pincode": 100014,
                "mst_service_location_id": 1,
                "mst_service_location_name": "Service Center A"
            },
            {
                "pincode": 100015,
                "mst_service_location_id": 1,
                "mst_service_location_name": "Service Center A"
            },
            {
                "pincode": 400065,
                "mst_service_location_id": 1,
                "mst_service_location_name": "Service Center A"
            },
            {
                "pincode": 200011,
                "mst_service_location_id": 2,
                "mst_service_location_name": "Service Center B"
            },
            {
                "pincode": 200012,
                "mst_service_location_id": 2,
                "mst_service_location_name": "Service Center B"
            },
            {
                "pincode": 200013,
                "mst_service_location_id": 2,
                "mst_service_location_name": "Service Center B"
            },
            {
                "pincode": 200014,
                "mst_service_location_id": 2,
                "mst_service_location_name": "Service Center B"
            },
            {
                "pincode": 200015,
                "mst_service_location_id": 2,
                "mst_service_location_name": "Service Center B"
            }
        ]
    }
}
Test is Passed: verifymasterAPI 
Duration 933ms 
Testing Class-Method : [TestClass name=class phoenix_api_automation_framework.CreateJobAPITest] 
Starting the Test Method: verifycreateJob 
Description: verify createjobAPI 
Groups [regression, smoke, api] 
Calling Create Job from Job service
Test is Failed!!! : verifycreateJob  ):
Error Message is : 1 expectation failed.
Expected status code <200> but was <500>.

Exception is: 
java.lang.AssertionError: 1 expectation failed.
Expected status code <200> but was <500>.

	at org.codehaus.groovy.vmplugin.v8.IndyInterface.fromCache(IndyInterface.java:344)
	at io.restassured.internal.ResponseSpecificationImpl$HamcrestAssertionClosure.validate(ResponseSpecificationImpl.groovy:516)
	at org.codehaus.groovy.vmplugin.v8.IndyInterface.fromCache(IndyInterface.java:344)
	at io.restassured.internal.ResponseSpecificationImpl.validate(ResponseSpecificationImpl.groovy:105)
	at io.restassured.internal.ValidatableResponseOptionsImpl.spec(ValidatableResponseOptionsImpl.java:288)
	at phoenix_api_automation_framework.CreateJobAPITest.verifycreateJob(CreateJobAPITest.java:70)
	at java.base/jdk.internal.reflect.DirectMethodHandleAccessor.invoke(DirectMethodHandleAccessor.java:103)
	at java.base/java.lang.reflect.Method.invoke(Method.java:580)
	at org.testng.internal.invokers.MethodInvocationHelper.invokeMethod(MethodInvocationHelper.java:141)
	at org.testng.internal.invokers.TestInvoker.invokeMethod(TestInvoker.java:687)
	at org.testng.internal.invokers.TestInvoker.invokeTestMethod(TestInvoker.java:230)
	at org.testng.internal.invokers.MethodRunner.runInSequence(MethodRunner.java:63)
	at org.testng.internal.invokers.TestInvoker$MethodInvocationAgent.invoke(TestInvoker.java:995)
	at org.testng.internal.invokers.TestInvoker.invokeTestMethods(TestInvoker.java:203)
	at org.testng.internal.invokers.TestMethodWorker.invokeTestMethods(TestMethodWorker.java:154)
	at org.testng.internal.invokers.TestMethodWorker.run(TestMethodWorker.java:134)
	at java.base/java.util.ArrayList.forEach(ArrayList.java:1596)
	at org.testng.TestRunner.privateRun(TestRunner.java:741)
	at org.testng.TestRunner.run(TestRunner.java:616)
	at org.testng.SuiteRunner.runTest(SuiteRunner.java:421)
	at org.testng.SuiteRunner.runSequentially(SuiteRunner.java:413)
	at org.testng.SuiteRunner.privateRun(SuiteRunner.java:373)
	at org.testng.SuiteRunner.run(SuiteRunner.java:312)
	at org.testng.SuiteRunnerWorker.runSuite(SuiteRunnerWorker.java:52)
	at org.testng.SuiteRunnerWorker.run(SuiteRunnerWorker.java:95)
	at org.testng.TestNG.runSuitesSequentially(TestNG.java:1274)
	at org.testng.TestNG.runSuitesLocally(TestNG.java:1208)
	at org.testng.TestNG.runSuites(TestNG.java:1112)
	at org.testng.TestNG.run(TestNG.java:1079)
	at org.apache.maven.surefire.testng.TestNGExecutor.run(TestNGExecutor.java:308)
	at org.apache.maven.surefire.testng.TestNGXmlTestSuite.execute(TestNGXmlTestSuite.java:71)
	at org.apache.maven.surefire.testng.TestNGProvider.invoke(TestNGProvider.java:113)
	at org.apache.maven.surefire.booter.ForkedBooter.runSuitesInProcess(ForkedBooter.java:385)
	at org.apache.maven.surefire.booter.ForkedBooter.execute(ForkedBooter.java:162)
	at org.apache.maven.surefire.booter.ForkedBooter.run(ForkedBooter.java:507)
	at org.apache.maven.surefire.booter.ForkedBooter.main(ForkedBooter.java:495)
Testing Class-Method : [TestClass name=class com.api.phoenix.datadriven_Tests.LoginAPITest] 
Starting the Test Method: LoginAPITestdataDriven 
Description: loginAPIdatadriven testing 
Groups [regression, smoke] 
BaseURI: http://64.227.160.186:9000/v1/login
HTTP Method: POST
Accept: application/json, application/javascript, text/javascript, text/json
Content-Type: application/json
Request Body: {"username":"iamfd","Password":"[REDACTED]"}
Response Body: {
    "message": "Success",
    "data": {
        "token":"[REDACTED]"
    }
}
Test is Passed: LoginAPITestdataDriven 
Duration 171ms 
Testing Class-Method : [TestClass name=class com.api.phoenix.datadriven_Tests.LoginAPITest] 
Starting the Test Method: LoginAPITestdataDriven 
Description: loginAPIdatadriven testing 
Groups [regression, smoke] 
BaseURI: http://64.227.160.186:9000/v1/login
HTTP Method: POST
Accept: application/json, application/javascript, text/javascript, text/json
Content-Type: application/json
Request Body: {"username":"adil","Password":"[REDACTED]"}
Response Body: {
    "status": 500,
    "message": "Invalid username or password",
    "name": "APIError",
    "isPublic": false,
    "isOperational": true
}
Test is Failed!!! : LoginAPITestdataDriven  ):
Error Message is : 1 expectation failed.
Expected status code <200> but was <500>.

Exception is: 
java.lang.AssertionError: 1 expectation failed.
Expected status code <200> but was <500>.

	at org.codehaus.groovy.vmplugin.v8.IndyInterface.fromCache(IndyInterface.java:344)
	at io.restassured.internal.ResponseSpecificationImpl$HamcrestAssertionClosure.validate(ResponseSpecificationImpl.groovy:516)
	at org.codehaus.groovy.vmplugin.v8.IndyInterface.fromCache(IndyInterface.java:344)
	at io.restassured.internal.ResponseSpecificationImpl.validate(ResponseSpecificationImpl.groovy:105)
	at io.restassured.internal.ValidatableResponseOptionsImpl.spec(ValidatableResponseOptionsImpl.java:288)
	at com.api.phoenix.datadriven_Tests.LoginAPITest.LoginAPITestdataDriven(LoginAPITest.java:30)
	at java.base/jdk.internal.reflect.DirectMethodHandleAccessor.invoke(DirectMethodHandleAccessor.java:103)
	at java.base/java.lang.reflect.Method.invoke(Method.java:580)
	at org.testng.internal.invokers.MethodInvocationHelper.invokeMethod(MethodInvocationHelper.java:141)
	at org.testng.internal.invokers.TestInvoker.invokeMethod(TestInvoker.java:687)
	at org.testng.internal.invokers.TestInvoker.invokeTestMethod(TestInvoker.java:230)
	at org.testng.internal.invokers.MethodRunner.runInSequence(MethodRunner.java:63)
	at org.testng.internal.invokers.TestInvoker$MethodInvocationAgent.invoke(TestInvoker.java:995)
	at org.testng.internal.invokers.TestInvoker.invokeTestMethods(TestInvoker.java:203)
	at org.testng.internal.invokers.TestMethodWorker.invokeTestMethods(TestMethodWorker.java:154)
	at org.testng.internal.invokers.TestMethodWorker.run(TestMethodWorker.java:134)
	at java.base/java.util.ArrayList.forEach(ArrayList.java:1596)
	at org.testng.TestRunner.privateRun(TestRunner.java:741)
	at org.testng.TestRunner.run(TestRunner.java:616)
	at org.testng.SuiteRunner.runTest(SuiteRunner.java:421)
	at org.testng.SuiteRunner.runSequentially(SuiteRunner.java:413)
	at org.testng.SuiteRunner.privateRun(SuiteRunner.java:373)
	at org.testng.SuiteRunner.run(SuiteRunner.java:312)
	at org.testng.SuiteRunnerWorker.runSuite(SuiteRunnerWorker.java:52)
	at org.testng.SuiteRunnerWorker.run(SuiteRunnerWorker.java:95)
	at org.testng.TestNG.runSuitesSequentially(TestNG.java:1274)
	at org.testng.TestNG.runSuitesLocally(TestNG.java:1208)
	at org.testng.TestNG.runSuites(TestNG.java:1112)
	at org.testng.TestNG.run(TestNG.java:1079)
	at org.apache.maven.surefire.testng.TestNGExecutor.run(TestNGExecutor.java:308)
	at org.apache.maven.surefire.testng.TestNGXmlTestSuite.execute(TestNGXmlTestSuite.java:71)
	at org.apache.maven.surefire.testng.TestNGProvider.invoke(TestNGProvider.java:113)
	at org.apache.maven.surefire.booter.ForkedBooter.runSuitesInProcess(ForkedBooter.java:385)
	at org.apache.maven.surefire.booter.ForkedBooter.execute(ForkedBooter.java:162)
	at org.apache.maven.surefire.booter.ForkedBooter.run(ForkedBooter.java:507)
	at org.apache.maven.surefire.booter.ForkedBooter.main(ForkedBooter.java:495)
Testing Class-Method : [TestClass name=class com.api.phoenix.datadriven_Tests.LoginAPITest] 
Starting the Test Method: LoginAPITestdataDriven 
Description: loginAPIdatadriven testing 
Groups [regression, smoke] 
BaseURI: http://64.227.160.186:9000/v1/login
HTTP Method: POST
Accept: application/json, application/javascript, text/javascript, text/json
Content-Type: application/json
Request Body: {"username":"jatin","Password":"[REDACTED]"}
Response Body: {
    "status": 500,
    "message": "Invalid username or password",
    "name": "APIError",
    "isPublic": false,
    "isOperational": true
}
Test is Failed!!! : LoginAPITestdataDriven  ):
Error Message is : 1 expectation failed.
Expected status code <200> but was <500>.

Exception is: 
java.lang.AssertionError: 1 expectation failed.
Expected status code <200> but was <500>.

	at org.codehaus.groovy.vmplugin.v8.IndyInterface.fromCache(IndyInterface.java:344)
	at io.restassured.internal.ResponseSpecificationImpl$HamcrestAssertionClosure.validate(ResponseSpecificationImpl.groovy:516)
	at org.codehaus.groovy.vmplugin.v8.IndyInterface.fromCache(IndyInterface.java:344)
	at io.restassured.internal.ResponseSpecificationImpl.validate(ResponseSpecificationImpl.groovy:105)
	at io.restassured.internal.ValidatableResponseOptionsImpl.spec(ValidatableResponseOptionsImpl.java:288)
	at com.api.phoenix.datadriven_Tests.LoginAPITest.LoginAPITestdataDriven(LoginAPITest.java:30)
	at java.base/jdk.internal.reflect.DirectMethodHandleAccessor.invoke(DirectMethodHandleAccessor.java:103)
	at java.base/java.lang.reflect.Method.invoke(Method.java:580)
	at org.testng.internal.invokers.MethodInvocationHelper.invokeMethod(MethodInvocationHelper.java:141)
	at org.testng.internal.invokers.TestInvoker.invokeMethod(TestInvoker.java:687)
	at org.testng.internal.invokers.TestInvoker.invokeTestMethod(TestInvoker.java:230)
	at org.testng.internal.invokers.MethodRunner.runInSequence(MethodRunner.java:63)
	at org.testng.internal.invokers.TestInvoker$MethodInvocationAgent.invoke(TestInvoker.java:995)
	at org.testng.internal.invokers.TestInvoker.invokeTestMethods(TestInvoker.java:203)
	at org.testng.internal.invokers.TestMethodWorker.invokeTestMethods(TestMethodWorker.java:154)
	at org.testng.internal.invokers.TestMethodWorker.run(TestMethodWorker.java:134)
	at java.base/java.util.ArrayList.forEach(ArrayList.java:1596)
	at org.testng.TestRunner.privateRun(TestRunner.java:741)
	at org.testng.TestRunner.run(TestRunner.java:616)
	at org.testng.SuiteRunner.runTest(SuiteRunner.java:421)
	at org.testng.SuiteRunner.runSequentially(SuiteRunner.java:413)
	at org.testng.SuiteRunner.privateRun(SuiteRunner.java:373)
	at org.testng.SuiteRunner.run(SuiteRunner.java:312)
	at org.testng.SuiteRunnerWorker.runSuite(SuiteRunnerWorker.java:52)
	at org.testng.SuiteRunnerWorker.run(SuiteRunnerWorker.java:95)
	at org.testng.TestNG.runSuitesSequentially(TestNG.java:1274)
	at org.testng.TestNG.runSuitesLocally(TestNG.java:1208)
	at org.testng.TestNG.runSuites(TestNG.java:1112)
	at org.testng.TestNG.run(TestNG.java:1079)
	at org.apache.maven.surefire.testng.TestNGExecutor.run(TestNGExecutor.java:308)
	at org.apache.maven.surefire.testng.TestNGXmlTestSuite.execute(TestNGXmlTestSuite.java:71)
	at org.apache.maven.surefire.testng.TestNGProvider.invoke(TestNGProvider.java:113)
	at org.apache.maven.surefire.booter.ForkedBooter.runSuitesInProcess(ForkedBooter.java:385)
	at org.apache.maven.surefire.booter.ForkedBooter.execute(ForkedBooter.java:162)
	at org.apache.maven.surefire.booter.ForkedBooter.run(ForkedBooter.java:507)
	at org.apache.maven.surefire.booter.ForkedBooter.main(ForkedBooter.java:495)
Testing Class-Method : [TestClass name=class com.api.phoenix.datadriven_Tests.CreateJobAPITest] 
Starting the Test Method: verifycreateJobDatadriven 
Description: verify createjobAPI 
Groups [regression, smoke, api] 
Test is Passed: verifycreateJobDatadriven 
Duration 302ms 
Testing Class-Method : [TestClass name=class com.api.phoenix.datadriven_Tests.CreateJobAPITest] 
Starting the Test Method: verifycreateJobDatadriven 
Description: verify createjobAPI 
Groups [regression, smoke, api] 
Test is Passed: verifycreateJobDatadriven 
Duration 325ms 
Testing Class-Method : [TestClass name=class com.api.phoenix.datadriven_Tests.CreateJobAPITest] 
Starting the Test Method: verifycreateJobDatadriven 
Description: verify createjobAPI 
Groups [regression, smoke, api] 
Test is Passed: verifycreateJobDatadriven 
Duration 265ms 
Testing Class-Method : [TestClass name=class com.api.phoenix.datadriven_Tests.CreateJobAPITest] 
Starting the Test Method: verifycreateJobDatadriven 
Description: verify createjobAPI 
Groups [regression, smoke, api] 
Test is Passed: verifycreateJobDatadriven 
Duration 318ms 
Testing Class-Method : [TestClass name=class com.api.phoenix.datadriven_Tests.CreateJobAPITest] 
Starting the Test Method: verifycreateJobDatadriven 
Description: verify createjobAPI 
Groups [regression, smoke, api] 
Test is Passed: verifycreateJobDatadriven 
Duration 224ms 
Testing Class-Method : [TestClass name=class com.api.phoenix.datadriven_Tests.CreateJobAPITest] 
Starting the Test Method: verifycreateJobDatadriven 
Description: verify createjobAPI 
Groups [regression, smoke, api] 
Test is Passed: verifycreateJobDatadriven 
Duration 213ms 
Testing Class-Method : [TestClass name=class com.api.phoenix.datadriven_Tests.CreateJobAPITest] 
Starting the Test Method: verifycreateJobDatadriven 
Description: verify createjobAPI 
Groups [regression, smoke, api] 
Test is Passed: verifycreateJobDatadriven 
Duration 224ms 
Testing Class-Method : [TestClass name=class com.api.phoenix.datadriven_Tests.CreateJobAPITest] 
Starting the Test Method: verifycreateJobDatadriven 
Description: verify createjobAPI 
Groups [regression, smoke, api] 
Test is Passed: verifycreateJobDatadriven 
Duration 241ms 
Testing Class-Method : [TestClass name=class com.api.phoenix.datadriven_Tests.CreateJobAPITest] 
Starting the Test Method: verifycreateJobDatadriven 
Description: verify createjobAPI 
Groups [regression, smoke, api] 
Test is Passed: verifycreateJobDatadriven 
Duration 280ms 
Testing Class-Method : [TestClass name=class com.api.phoenix.datadriven_Tests.CreateJobAPITest] 
Starting the Test Method: verifycreateJobDatadriven 
Description: verify createjobAPI 
Groups [regression, smoke, api] 
Test is Passed: verifycreateJobDatadriven 
Duration 260ms 
Phoenix Framework is starting!!!
Testing Class-Method : [TestClass name=class phoenix_api_automation_framework.LoginAPITest] 
Starting the Test Method: loginTest 
Description: verify LoginAPI 
Groups [regression, smoke, api] 
Calling Login method from Auth Service
BaseURI: http://64.227.160.186:9000/v1/login
HTTP Method: POST
Accept: application/json, application/javascript, text/javascript, text/json
Content-Type: application/json
Request Body: {"username":"iamfd","Password":"[REDACTED]"}
Response Body: {
    "message": "Success",
    "data": {
        "token":"[REDACTED]"
    }
}
Test is Passed: loginTest 
Duration 5162ms 
Testing Class-Method : [TestClass name=class phoenix_api_automation_framework.UserdetailAPI_Test] 
Starting the Test Method: userdetailAPI_Test 
Description: to verify Userdetail API 
Groups [regression, smoke, api] 
Calling Userdetails from Userdetails service
BaseURI: http://64.227.160.186:9000/v1/userdetails
HTTP Method: GET
Accept: application/json, application/javascript, text/javascript, text/json
Authorization: REDACTED
Content-Type: application/json
Response Body: {
    "message": "Success",
    "data": {
        "id": 4,
        "first_name": "fd",
        "last_name": "fd",
        "login_id": "iamfd",
        "mobile_number": "8899776655",
        "email_id": "mark@gmail.com",
        "password": "5f4dcc3b5aa765d61d8327deb882cf99",
        "reset_password_date": null,
        "lock_status": 0,
        "is_active": 1,
        "mst_role_id": 5,
        "mst_service_location_id": 1,
        "created_at": "2021-11-03T08:06:23.000Z",
        "modified_at": "2021-11-03T08:06:23.000Z",
        "role_name": "FrontDesk",
        "service_location": "Service Center A"
    }
}
Test is Passed: userdetailAPI_Test 
Duration 443ms 
Testing Class-Method : [TestClass name=class phoenix_api_automation_framework.CountAPITest] 
Starting the Test Method: missingtoken_countAPI 
Description: to verify CountAPI with missing token 
Groups [negative, regression, smoke, api] 
Test is Passed: missingtoken_countAPI 
Duration 863ms 
Testing Class-Method : [TestClass name=class phoenix_api_automation_framework.CountAPITest] 
Starting the Test Method: verifyCountAPI 
Description: to verify countAPI 
Groups [regression, smoke, api] 
Calling count from Dashboard service
BaseURI: http://64.227.160.186:9000/v1/dashboard/count
HTTP Method: GET
Accept: application/json, application/javascript, text/javascript, text/json
Authorization: REDACTED
Content-Type: application/json
Response Body: {
    "message": "Success",
    "data": [
        {
            "label": "Pending for delivery",
            "key": "pending_for_delivery",
            "count": 0
        },
        {
            "label": "Created today",
            "key": "created_today",
            "count": 252
        },
        {
            "label": "Pending for FST assignment",
            "key": "pending_fst_assignment",
            "count": 0
        }
    ]
}
Test is Passed: verifyCountAPI 
Duration 406ms 
Testing Class-Method : [TestClass name=class phoenix_api_automation_framework.MasterAPI_Test] 
Starting the Test Method: verifymasterAPI 
Description: to verify MasterAPI 
Groups [regression, smoke, api] 
BaseURI: http://64.227.160.186:9000/v1/master
HTTP Method: POST
Accept: application/json, application/javascript, text/javascript, text/json
Authorization: REDACTED
Content-Type: application/json
Response Body: {
    "message": "Success",
    "data": {
        "mst_oem": [
            {
                "id": 1,
                "name": "Google",
                "code": "GL",
                "is_active": 1,
                "created_at": "2021-10-26T08:24:17.000Z",
                "modified_at": "2021-10-26T08:24:17.000Z"
            },
            {
                "id": 2,
                "name": "Apple",
                "code": "APL",
                "is_active": 1,
                "created_at": "2021-10-26T08:24:17.000Z",
                "modified_at": "2021-10-26T08:24:17.000Z"
            }
        ],
        "mst_model": [
            {
                "id": 1,
                "name": "Nexus 2 blue",
                "code": "NX2BL",
                "mst_product_id": 1,
                "is_active": 1,
                "created_at": "2021-10-29T19:28:00.000Z",
                "modified_at": "2021-10-29T19:28:00.000Z"
            },
            {
                "id": 2,
                "name": "gallexy",
                "code": "gl",
                "mst_product_id": 1,
                "is_active": 1,
                "created_at": "2022-06-10T07:18:03.000Z",
                "modified_at": "2022-06-10T07:18:03.000Z"
            },
            {
                "id": 3,
                "name": "Iphone 11",
                "code": "ip11",
                "mst_product_id": 3,
                "is_active": 1,
                "created_at": "2022-08-18T16:59:27.000Z",
                "modified_at": "2022-08-18T17:00:31.000Z"
            }
        ],
        "mst_action_status": [
            {
                "id": 1,
                "name": "Job Creation",
                "code": "JBC",
                "description": "Job Creation",
                "is_active": 1,
                "created_at": "2021-10-26T08:48:23.000Z",
                "modified_at": "2021-10-26T08:48:23.000Z"
            },
            {
                "id": 2,
                "name": "Pending For Job Assignment",
                "code": "PJFA",
                "description": "Pending For Job Assignment",
                "is_active": 1,
                "created_at": "2021-10-26T08:48:23.000Z",
                "modified_at": "2021-10-26T08:48:23.000Z"
            },
            {
                "id": 3,
                "name": "Pending For Repair",
                "code": "PFR",
                "description": "Pending For Repair",
                "is_active": 1,
                "created_at": "2021-10-26T08:48:23.000Z",
                "modified_at": "2021-10-26T08:48:23.000Z"
            },
            {
                "id": 4,
                "name": "Pending For QC",
                "code": "PFQC",
                "description": "Pending For QC",
                "is_active": 1,
                "created_at": "2021-10-26T08:48:23.000Z",
                "modified_at": "2021-10-26T08:48:23.000Z"
            },
            {
                "id": 5,
                "name": "Pending for Delivery",
                "code": "PDL",
                "description": "Pending for Delivery",
                "is_active": 1,
                "created_at": "2021-10-26T08:48:23.000Z",
                "modified_at": "2021-12-20T08:00:39.000Z"
            },
            {
                "id": 6,
                "name": "Delivered to customer",
                "code": "DC",
                "description": "Delivered to customer",
                "is_active": 1,
                "created_at": "2021-10-26T08:48:23.000Z",
                "modified_at": "2021-12-20T08:01:48.000Z"
            },
            {
                "id": 7,
                "name": "QC Rejected",
                "code": "QCR",
                "description": "QC Rejected",
                "is_active": 1,
                "created_at": "2021-10-26T08:48:23.000Z",
                "modified_at": "2021-10-26T08:48:23.000Z"
            },
            {
                "id": 8,
                "name": "Quatation Raised",
                "code": "QR",
                "description": "Quatation Raised",
                "is_active": 1,
                "created_at": "2021-10-26T08:48:23.000Z",
                "modified_at": "2021-10-26T08:48:23.000Z"
            },
            {
                "id": 9,
                "name": "Pending For Payment",
                "code": "PFP",
                "description": "Pending For Payment",
                "is_active": 1,
                "created_at": "2021-10-26T08:48:23.000Z",
                "modified_at": "2021-10-26T08:48:23.000Z"
            },
            {
                "id": 10,
                "name": "Payment Is Done",
                "code": "PD",
                "description": "Payment Is Done",
                "is_active": 1,
                "created_at": "2021-10-26T08:48:23.000Z",
                "modified_at": "2021-10-26T08:48:23.000Z"
            },
            {
                "id": 11,
                "name": "Job Closed Successfully",
                "code": "JC",
                "description": "Job Closed Successfully",
                "is_active": 1,
                "created_at": "2021-10-26T08:48:23.000Z",
                "modified_at": "2021-10-26T08:48:23.000Z"
            },
            {
                "id": 12,
                "name": "Assigned to FST - Inbound",
                "code": "AFI",
                "description": "Assigned to FST - Inbound",
                "is_active": 1,
                "created_at": "2021-10-26T08:48:23.000Z",
                "modified_at": "2021-10-26T08:48:23.000Z"
            },
            {
                "id": 13,
                "name": "Assigned to FST - Outbound",
                "code": "AFO",
                "description": "Assigned to FST - Outbound",
                "is_active": 1,
                "created_at": "2021-10-26T08:48:23.000Z",
                "modified_at": "2021-10-26T08:48:23.000Z"
            },
            {
                "id": 14,
                "name": "Begin Journey",
                "code": "BJY",
                "description": "Begin Journey",
                "is_active": 1,
                "created_at": "2021-10-26T08:48:23.000Z",
                "modified_at": "2021-10-26T08:48:23.000Z"
            },
            {
                "id": 15,
                "name": "Submitted To FD",
                "code": "SFD",
                "description": "Submitted To FD",
                "is_active": 1,
                "created_at": "2021-10-26T08:48:23.000Z",
                "modified_at": "2021-10-26T08:48:23.000Z"
            },
            {
                "id": 16,
                "name": "Collected At FD",
                "code": "CFD",
                "description": "Collected At FD",
                "is_active": 1,
                "created_at": "2021-10-26T08:48:23.000Z",
                "modified_at": "2021-10-26T08:48:23.000Z"
            }
        ],
        "mst_warrenty_status": [
            {
                "id": 1,
                "name": "In Warrenty",
                "code": "IW",
                "description": "In Warrenty",
                "is_active": 1,
                "created_at": "2021-10-26T08:26:04.000Z",
                "modified_at": "2021-10-26T08:26:04.000Z"
            },
            {
                "id": 2,
                "name": "Out Of Warrenty",
                "code": "OOW",
                "description": "Out Of Warrenty",
                "is_active": 1,
                "created_at": "2021-10-26T08:26:04.000Z",
                "modified_at": "2021-10-26T08:26:04.000Z"
            }
        ],
        "mst_platform": [
            {
                "id": 1,
                "name": "FST",
                "code": "FST",
                "description": "Field technician will go to customer's house",
                "is_active": 1,
                "created_at": "2021-10-26T08:37:12.000Z",
                "modified_at": "2021-10-26T08:37:12.000Z"
            },
            {
                "id": 2,
                "name": "Front Desk",
                "code": "FD",
                "description": "Customer will come to service center to submit his device",
                "is_active": 1,
                "created_at": "2021-10-26T08:37:12.000Z",
                "modified_at": "2021-10-26T08:37:12.000Z"
            }
        ],
        "mst_product": [
            {
                "id": 1,
                "name": "Nexus 2",
                "code": "NX2",
                "mst_oem_id": 1,
                "is_active": 1,
                "created_at": "2021-10-29T19:27:21.000Z",
                "modified_at": "2021-10-29T19:27:21.000Z"
            },
            {
                "id": 2,
                "name": "Pixel",
                "code": "gl",
                "mst_oem_id": 1,
                "is_active": 1,
                "created_at": "2022-06-10T07:16:57.000Z",
                "modified_at": "2022-08-18T16:55:02.000Z"
            },
            {
                "id": 3,
                "name": "IPhone",
                "code": "ip",
                "mst_oem_id": 2,
                "is_active": 1,
                "created_at": "2022-08-18T16:56:15.000Z",
                "modified_at": "2022-08-18T16:57:20.000Z"
            }
        ],
        "mst_role": [
            {
                "id": 1,
                "name": "Engineer",
                "code": "ENG",
                "description": "Engineer",
                "is_active": 1,
                "created_at": "2021-10-26T08:39:48.000Z",
                "modified_at": "2021-10-26T08:39:48.000Z"
            },
            {
                "id": 2,
                "name": "Supervisor",
                "code": "SPV",
                "description": "Supervisor",
                "is_active": 1,
                "created_at": "2021-10-26T08:39:48.000Z",
                "modified_at": "2021-10-26T08:39:48.000Z"
            },
            {
                "id": 3,
                "name": "FST",
                "code": "FST",
                "description": "Field Service Technician",
                "is_active": 1,
                "created_at": "2021-10-26T08:39:48.000Z",
                "modified_at": "2021-10-26T08:39:48.000Z"
            },
            {
                "id": 4,
                "name": "QC",
                "code": "QC",
                "description": "Quality check",
                "is_active": 1,
                "created_at": "2021-10-26T08:39:48.000Z",
                "modified_at": "2021-10-26T08:39:48.000Z"
            },
            {
                "id": 5,
                "name": "FrontDesk",
                "code": "FD",
                "description": "Front Desk",
                "is_active": 1,
                "created_at": "2021-10-26T08:39:48.000Z",
                "modified_at": "2022-01-04T15:16:54.000Z"
            },
            {
                "id": 6,
                "name": "Callcenter",
                "code": "CC",
                "description": "Callcenter",
                "is_active": 1,
                "created_at": "2021-10-26T08:39:48.000Z",
                "modified_at": "2022-01-04T15:16:54.000Z"
            }
        ],
        "mst_service_location": [
            {
                "id": 1,
                "name": "Service Center A",
                "code": "B2X",
                "mobile_number": "8877667788",
                "email_id": "servicecentera@gmail.com",
                "address": "M.G. Road, Andheri(E)",
                "pincode": 400075,
                "country": "India",
                "gstin": "22AAAAA0000A1",
                "is_repair_line_engineer": 1,
                "is_active": 1,
                "created_at": "2021-10-26T08:30:50.000Z",
                "modified_at": "2022-04-03T16:09:58.000Z"
            },
            {
                "id": 2,
                "name": "Service Center B",
                "code": "SFY",
                "mobile_number": "8877667789",
                "email_id": "servicecenterb@gmail.com",
                "address": "M.G. Road, Andheri(E)",
                "pincode": 400606,
                "country": "India",
                "gstin": "22AAAAA0000B2",
                "is_repair_line_engineer": 1,
                "is_active": 1,
                "created_at": "2021-10-26T08:30:50.000Z",
                "modified_at": "2022-04-03T16:09:59.000Z"
            },
            {
                "id": 3,
                "name": "Service Centre C",
                "code": "PKC",
                "mobile_number": "8877667790",
                "email_id": "servicecenterpk@gmail.com",
                "address": "Srinagar,Kashmir(A)",
                "pincode": 577432,
                "country": "India",
                "gstin": "22AAAAA0000C3",
                "is_repair_line_engineer": 1,
                "is_active": 1,
                "created_at": "2022-12-13T11:05:47.000Z",
                "modified_at": "2022-12-13T11:05:47.000Z"
            }
        ],
        "mst_problem": [
            {
                "id": 1,
                "name": "Smartphone is running slow",
                "created_at": "2022-01-08T10:07:18.000Z",
                "modified_at": "2022-01-08T10:07:18.000Z"
            },
            {
                "id": 2,
                "name": "Poor battery life",
                "created_at": "2022-01-08T10:07:18.000Z",
                "modified_at": "2022-01-08T10:07:18.000Z"
            },
            {
                "id": 3,
                "name": "Phone or app crashes",
                "created_at": "2022-01-08T10:07:18.000Z",
                "modified_at": "2022-01-08T10:07:18.000Z"
            },
            {
                "id": 4,
                "name": "Sync issue",
                "created_at": "2022-01-08T10:07:18.000Z",
                "modified_at": "2022-01-08T10:07:18.000Z"
            },
            {
                "id": 5,
                "name": "MicroSD card is not working on your phone",
                "created_at": "2022-01-08T10:07:18.000Z",
                "modified_at": "2022-01-08T10:07:18.000Z"
            },
            {
                "id": 6,
                "name": "Overheating",
                "created_at": "2022-01-08T10:07:18.000Z",
                "modified_at": "2022-01-08T10:07:18.000Z"
            },
            {
                "id": 7,
                "name": "Connecting problem with Bluetooth, Wifi, Cellular network",
                "created_at": "2022-01-08T10:07:19.000Z",
                "modified_at": "2022-01-08T10:07:19.000Z"
            },
            {
                "id": 8,
                "name": "Cracked screen",
                "created_at": "2022-01-08T10:07:19.000Z",
                "modified_at": "2022-01-08T10:07:19.000Z"
            },
            {
                "id": 9,
                "name": "Other",
                "created_at": "2022-01-08T10:07:19.000Z",
                "modified_at": "2022-01-08T10:07:19.000Z"
            },
            {
                "id": 10,
                "name": "Camera issue",
                "created_at": "2022-06-13T15:01:02.000Z",
                "modified_at": "2022-06-13T15:01:02.000Z"
            },
            {
                "id": 11,
                "name": "Charger Not Working",
                "created_at": "2022-08-14T12:38:04.000Z",
                "modified_at": "2022-08-14T12:38:04.000Z"
            },
            {
                "id": 12,
                "name": " Software Booting Issue ",
                "created_at": "2022-08-14T13:03:08.000Z",
                "modified_at": "2022-08-14T13:03:08.000Z"
            },
            {
                "id": 15,
                "name": "Head Phone Jack not working",
                "created_at": "2022-06-16T15:22:18.000Z",
                "modified_at": "2022-06-16T15:22:18.000Z"
            },
            {
                "id": 16,
                "name": "Head Phone issue",
                "created_at": "2022-06-16T15:27:47.000Z",
                "modified_at": "2022-06-16T15:27:47.000Z"
            },
            {
                "id": 17,
                "name": "Random Problem",
                "created_at": "2022-07-11T02:56:01.000Z",
                "modified_at": "2022-07-11T02:56:01.000Z"
            },
            {
                "id": 19,
                "name": "Front camera not working",
                "created_at": "2022-07-13T17:50:54.000Z",
                "modified_at": "2022-07-13T17:50:54.000Z"
            },
            {
                "id": 20,
                "name": "Battery issue",
                "created_at": "2022-07-13T17:51:47.000Z",
                "modified_at": "2022-07-13T17:51:47.000Z"
            },
            {
                "id": 22,
                "name": "Screen display issue",
                "created_at": "2022-08-29T11:09:24.000Z",
                "modified_at": "2022-08-29T11:09:24.000Z"
            },
            {
                "id": 24,
                "name": "Apps Not Downloading",
                "created_at": "2022-08-29T12:10:34.000Z",
                "modified_at": "2022-08-29T12:10:34.000Z"
            },
            {
                "id": 26,
                "name": "Unresponsive screen",
                "created_at": "2022-09-19T10:03:08.000Z",
                "modified_at": "2022-09-19T10:03:08.000Z"
            },
            {
                "id": 27,
                "name": "Blue Screen Error",
                "created_at": "2022-12-13T11:01:48.000Z",
                "modified_at": "2022-12-13T11:01:48.000Z"
            },
            {
                "id": 28,
                "name": "PK Test Prob1",
                "created_at": "2022-12-19T20:42:09.000Z",
                "modified_at": "2022-12-19T20:42:09.000Z"
            },
            {
                "id": 29,
                "name": "PK Test Prob1",
                "created_at": "2022-12-19T20:42:09.000Z",
                "modified_at": "2022-12-19T20:42:09.000Z"
            }
        ],
        "map_fst_pincode": [
            {
                "pincode": 100011,
                "mst_service_location_id": 1,
                "mst_service_location_name": "Service Center A"
            },
            {
                "pincode": 100012,
                "mst_service_location_id": 1,
                "mst_service_location_name": "Service Center A"
            },
            {
                "pincode": 100013,
                "mst_service_location_id": 1,
                "mst_service_location_name": "Service Center A"
            },
            {
                "pincode": 100014,
                "mst_service_location_id": 1,
                "mst_service_location_name": "Service Center A"
            },
            {
                "pincode": 100015,
                "mst_service_location_id": 1,
                "mst_service_location_name": "Service Center A"
            },
            {
                "pincode": 400065,
                "mst_service_location_id": 1,
                "mst_service_location_name": "Service Center A"
            },
            {
                "pincode": 200011,
                "mst_service_location_id": 2,
                "mst_service_location_name": "Service Center B"
            },
            {
                "pincode": 200012,
                "mst_service_location_id": 2,
                "mst_service_location_name": "Service Center B"
            },
            {
                "pincode": 200013,
                "mst_service_location_id": 2,
                "mst_service_location_name": "Service Center B"
            },
            {
                "pincode": 200014,
                "mst_service_location_id": 2,
                "mst_service_location_name": "Service Center B"
            },
            {
                "pincode": 200015,
                "mst_service_location_id": 2,
                "mst_service_location_name": "Service Center B"
            }
        ]
    }
}
Test is Passed: verifymasterAPI 
Duration 777ms 
Testing Class-Method : [TestClass name=class phoenix_api_automation_framework.CreateJobAPITest] 
Starting the Test Method: verifycreateJob 
Description: verify createjobAPI 
Groups [regression, smoke, api] 
Calling Create Job from Job service
Test is Failed!!! : verifycreateJob  ):
Error Message is : 1 expectation failed.
Expected status code <200> but was <500>.

Exception is: 
java.lang.AssertionError: 1 expectation failed.
Expected status code <200> but was <500>.

	at org.codehaus.groovy.vmplugin.v8.IndyInterface.fromCache(IndyInterface.java:344)
	at io.restassured.internal.ResponseSpecificationImpl$HamcrestAssertionClosure.validate(ResponseSpecificationImpl.groovy:516)
	at org.codehaus.groovy.vmplugin.v8.IndyInterface.fromCache(IndyInterface.java:344)
	at io.restassured.internal.ResponseSpecificationImpl.validate(ResponseSpecificationImpl.groovy:105)
	at io.restassured.internal.ValidatableResponseOptionsImpl.spec(ValidatableResponseOptionsImpl.java:288)
	at phoenix_api_automation_framework.CreateJobAPITest.verifycreateJob(CreateJobAPITest.java:70)
	at java.base/jdk.internal.reflect.DirectMethodHandleAccessor.invoke(DirectMethodHandleAccessor.java:103)
	at java.base/java.lang.reflect.Method.invoke(Method.java:580)
	at org.testng.internal.invokers.MethodInvocationHelper.invokeMethod(MethodInvocationHelper.java:141)
	at org.testng.internal.invokers.TestInvoker.invokeMethod(TestInvoker.java:687)
	at org.testng.internal.invokers.TestInvoker.invokeTestMethod(TestInvoker.java:230)
	at org.testng.internal.invokers.MethodRunner.runInSequence(MethodRunner.java:63)
	at org.testng.internal.invokers.TestInvoker$MethodInvocationAgent.invoke(TestInvoker.java:995)
	at org.testng.internal.invokers.TestInvoker.invokeTestMethods(TestInvoker.java:203)
	at org.testng.internal.invokers.TestMethodWorker.invokeTestMethods(TestMethodWorker.java:154)
	at org.testng.internal.invokers.TestMethodWorker.run(TestMethodWorker.java:134)
	at java.base/java.util.ArrayList.forEach(ArrayList.java:1596)
	at org.testng.TestRunner.privateRun(TestRunner.java:741)
	at org.testng.TestRunner.run(TestRunner.java:616)
	at org.testng.SuiteRunner.runTest(SuiteRunner.java:421)
	at org.testng.SuiteRunner.runSequentially(SuiteRunner.java:413)
	at org.testng.SuiteRunner.privateRun(SuiteRunner.java:373)
	at org.testng.SuiteRunner.run(SuiteRunner.java:312)
	at org.testng.SuiteRunnerWorker.runSuite(SuiteRunnerWorker.java:52)
	at org.testng.SuiteRunnerWorker.run(SuiteRunnerWorker.java:95)
	at org.testng.TestNG.runSuitesSequentially(TestNG.java:1274)
	at org.testng.TestNG.runSuitesLocally(TestNG.java:1208)
	at org.testng.TestNG.runSuites(TestNG.java:1112)
	at org.testng.TestNG.run(TestNG.java:1079)
	at org.apache.maven.surefire.testng.TestNGExecutor.run(TestNGExecutor.java:308)
	at org.apache.maven.surefire.testng.TestNGXmlTestSuite.execute(TestNGXmlTestSuite.java:71)
	at org.apache.maven.surefire.testng.TestNGProvider.invoke(TestNGProvider.java:113)
	at org.apache.maven.surefire.booter.ForkedBooter.runSuitesInProcess(ForkedBooter.java:385)
	at org.apache.maven.surefire.booter.ForkedBooter.execute(ForkedBooter.java:162)
	at org.apache.maven.surefire.booter.ForkedBooter.run(ForkedBooter.java:507)
	at org.apache.maven.surefire.booter.ForkedBooter.main(ForkedBooter.java:495)
Testing Class-Method : [TestClass name=class com.api.phoenix.datadriven_Tests.LoginAPITest] 
Starting the Test Method: LoginAPITestdataDriven 
Description: loginAPIdatadriven testing 
Groups [regression, smoke] 
BaseURI: http://64.227.160.186:9000/v1/login
HTTP Method: POST
Accept: application/json, application/javascript, text/javascript, text/json
Content-Type: application/json
Request Body: {"username":"iamfd","Password":"[REDACTED]"}
Response Body: {
    "message": "Success",
    "data": {
        "token":"[REDACTED]"
    }
}
Test is Passed: LoginAPITestdataDriven 
Duration 164ms 
Testing Class-Method : [TestClass name=class com.api.phoenix.datadriven_Tests.LoginAPITest] 
Starting the Test Method: LoginAPITestdataDriven 
Description: loginAPIdatadriven testing 
Groups [regression, smoke] 
BaseURI: http://64.227.160.186:9000/v1/login
HTTP Method: POST
Accept: application/json, application/javascript, text/javascript, text/json
Content-Type: application/json
Request Body: {"username":"adil","Password":"[REDACTED]"}
Response Body: {
    "status": 500,
    "message": "Invalid username or password",
    "name": "APIError",
    "isPublic": false,
    "isOperational": true
}
Test is Failed!!! : LoginAPITestdataDriven  ):
Error Message is : 1 expectation failed.
Expected status code <200> but was <500>.

Exception is: 
java.lang.AssertionError: 1 expectation failed.
Expected status code <200> but was <500>.

	at org.codehaus.groovy.vmplugin.v8.IndyInterface.fromCache(IndyInterface.java:344)
	at io.restassured.internal.ResponseSpecificationImpl$HamcrestAssertionClosure.validate(ResponseSpecificationImpl.groovy:516)
	at org.codehaus.groovy.vmplugin.v8.IndyInterface.fromCache(IndyInterface.java:344)
	at io.restassured.internal.ResponseSpecificationImpl.validate(ResponseSpecificationImpl.groovy:105)
	at io.restassured.internal.ValidatableResponseOptionsImpl.spec(ValidatableResponseOptionsImpl.java:288)
	at com.api.phoenix.datadriven_Tests.LoginAPITest.LoginAPITestdataDriven(LoginAPITest.java:30)
	at java.base/jdk.internal.reflect.DirectMethodHandleAccessor.invoke(DirectMethodHandleAccessor.java:103)
	at java.base/java.lang.reflect.Method.invoke(Method.java:580)
	at org.testng.internal.invokers.MethodInvocationHelper.invokeMethod(MethodInvocationHelper.java:141)
	at org.testng.internal.invokers.TestInvoker.invokeMethod(TestInvoker.java:687)
	at org.testng.internal.invokers.TestInvoker.invokeTestMethod(TestInvoker.java:230)
	at org.testng.internal.invokers.MethodRunner.runInSequence(MethodRunner.java:63)
	at org.testng.internal.invokers.TestInvoker$MethodInvocationAgent.invoke(TestInvoker.java:995)
	at org.testng.internal.invokers.TestInvoker.invokeTestMethods(TestInvoker.java:203)
	at org.testng.internal.invokers.TestMethodWorker.invokeTestMethods(TestMethodWorker.java:154)
	at org.testng.internal.invokers.TestMethodWorker.run(TestMethodWorker.java:134)
	at java.base/java.util.ArrayList.forEach(ArrayList.java:1596)
	at org.testng.TestRunner.privateRun(TestRunner.java:741)
	at org.testng.TestRunner.run(TestRunner.java:616)
	at org.testng.SuiteRunner.runTest(SuiteRunner.java:421)
	at org.testng.SuiteRunner.runSequentially(SuiteRunner.java:413)
	at org.testng.SuiteRunner.privateRun(SuiteRunner.java:373)
	at org.testng.SuiteRunner.run(SuiteRunner.java:312)
	at org.testng.SuiteRunnerWorker.runSuite(SuiteRunnerWorker.java:52)
	at org.testng.SuiteRunnerWorker.run(SuiteRunnerWorker.java:95)
	at org.testng.TestNG.runSuitesSequentially(TestNG.java:1274)
	at org.testng.TestNG.runSuitesLocally(TestNG.java:1208)
	at org.testng.TestNG.runSuites(TestNG.java:1112)
	at org.testng.TestNG.run(TestNG.java:1079)
	at org.apache.maven.surefire.testng.TestNGExecutor.run(TestNGExecutor.java:308)
	at org.apache.maven.surefire.testng.TestNGXmlTestSuite.execute(TestNGXmlTestSuite.java:71)
	at org.apache.maven.surefire.testng.TestNGProvider.invoke(TestNGProvider.java:113)
	at org.apache.maven.surefire.booter.ForkedBooter.runSuitesInProcess(ForkedBooter.java:385)
	at org.apache.maven.surefire.booter.ForkedBooter.execute(ForkedBooter.java:162)
	at org.apache.maven.surefire.booter.ForkedBooter.run(ForkedBooter.java:507)
	at org.apache.maven.surefire.booter.ForkedBooter.main(ForkedBooter.java:495)
Testing Class-Method : [TestClass name=class com.api.phoenix.datadriven_Tests.LoginAPITest] 
Starting the Test Method: LoginAPITestdataDriven 
Description: loginAPIdatadriven testing 
Groups [regression, smoke] 
BaseURI: http://64.227.160.186:9000/v1/login
HTTP Method: POST
Accept: application/json, application/javascript, text/javascript, text/json
Content-Type: application/json
Request Body: {"username":"jatin","Password":"[REDACTED]"}
Response Body: {
    "status": 500,
    "message": "Invalid username or password",
    "name": "APIError",
    "isPublic": false,
    "isOperational": true
}
Test is Failed!!! : LoginAPITestdataDriven  ):
Error Message is : 1 expectation failed.
Expected status code <200> but was <500>.

Exception is: 
java.lang.AssertionError: 1 expectation failed.
Expected status code <200> but was <500>.

	at org.codehaus.groovy.vmplugin.v8.IndyInterface.fromCache(IndyInterface.java:344)
	at io.restassured.internal.ResponseSpecificationImpl$HamcrestAssertionClosure.validate(ResponseSpecificationImpl.groovy:516)
	at org.codehaus.groovy.vmplugin.v8.IndyInterface.fromCache(IndyInterface.java:344)
	at io.restassured.internal.ResponseSpecificationImpl.validate(ResponseSpecificationImpl.groovy:105)
	at io.restassured.internal.ValidatableResponseOptionsImpl.spec(ValidatableResponseOptionsImpl.java:288)
	at com.api.phoenix.datadriven_Tests.LoginAPITest.LoginAPITestdataDriven(LoginAPITest.java:30)
	at java.base/jdk.internal.reflect.DirectMethodHandleAccessor.invoke(DirectMethodHandleAccessor.java:103)
	at java.base/java.lang.reflect.Method.invoke(Method.java:580)
	at org.testng.internal.invokers.MethodInvocationHelper.invokeMethod(MethodInvocationHelper.java:141)
	at org.testng.internal.invokers.TestInvoker.invokeMethod(TestInvoker.java:687)
	at org.testng.internal.invokers.TestInvoker.invokeTestMethod(TestInvoker.java:230)
	at org.testng.internal.invokers.MethodRunner.runInSequence(MethodRunner.java:63)
	at org.testng.internal.invokers.TestInvoker$MethodInvocationAgent.invoke(TestInvoker.java:995)
	at org.testng.internal.invokers.TestInvoker.invokeTestMethods(TestInvoker.java:203)
	at org.testng.internal.invokers.TestMethodWorker.invokeTestMethods(TestMethodWorker.java:154)
	at org.testng.internal.invokers.TestMethodWorker.run(TestMethodWorker.java:134)
	at java.base/java.util.ArrayList.forEach(ArrayList.java:1596)
	at org.testng.TestRunner.privateRun(TestRunner.java:741)
	at org.testng.TestRunner.run(TestRunner.java:616)
	at org.testng.SuiteRunner.runTest(SuiteRunner.java:421)
	at org.testng.SuiteRunner.runSequentially(SuiteRunner.java:413)
	at org.testng.SuiteRunner.privateRun(SuiteRunner.java:373)
	at org.testng.SuiteRunner.run(SuiteRunner.java:312)
	at org.testng.SuiteRunnerWorker.runSuite(SuiteRunnerWorker.java:52)
	at org.testng.SuiteRunnerWorker.run(SuiteRunnerWorker.java:95)
	at org.testng.TestNG.runSuitesSequentially(TestNG.java:1274)
	at org.testng.TestNG.runSuitesLocally(TestNG.java:1208)
	at org.testng.TestNG.runSuites(TestNG.java:1112)
	at org.testng.TestNG.run(TestNG.java:1079)
	at org.apache.maven.surefire.testng.TestNGExecutor.run(TestNGExecutor.java:308)
	at org.apache.maven.surefire.testng.TestNGXmlTestSuite.execute(TestNGXmlTestSuite.java:71)
	at org.apache.maven.surefire.testng.TestNGProvider.invoke(TestNGProvider.java:113)
	at org.apache.maven.surefire.booter.ForkedBooter.runSuitesInProcess(ForkedBooter.java:385)
	at org.apache.maven.surefire.booter.ForkedBooter.execute(ForkedBooter.java:162)
	at org.apache.maven.surefire.booter.ForkedBooter.run(ForkedBooter.java:507)
	at org.apache.maven.surefire.booter.ForkedBooter.main(ForkedBooter.java:495)
Testing Class-Method : [TestClass name=class com.api.phoenix.datadriven_Tests.CreateJobAPITest] 
Starting the Test Method: verifycreateJobDatadriven 
Description: verify createjobAPI 
Groups [regression, smoke, api] 
Test is Passed: verifycreateJobDatadriven 
Duration 284ms 
Testing Class-Method : [TestClass name=class com.api.phoenix.datadriven_Tests.CreateJobAPITest] 
Starting the Test Method: verifycreateJobDatadriven 
Description: verify createjobAPI 
Groups [regression, smoke, api] 
Test is Passed: verifycreateJobDatadriven 
Duration 260ms 
Testing Class-Method : [TestClass name=class com.api.phoenix.datadriven_Tests.CreateJobAPITest] 
Starting the Test Method: verifycreateJobDatadriven 
Description: verify createjobAPI 
Groups [regression, smoke, api] 
Test is Passed: verifycreateJobDatadriven 
Duration 291ms 
Testing Class-Method : [TestClass name=class com.api.phoenix.datadriven_Tests.CreateJobAPITest] 
Starting the Test Method: verifycreateJobDatadriven 
Description: verify createjobAPI 
Groups [regression, smoke, api] 
Test is Passed: verifycreateJobDatadriven 
Duration 272ms 
Testing Class-Method : [TestClass name=class com.api.phoenix.datadriven_Tests.CreateJobAPITest] 
Starting the Test Method: verifycreateJobDatadriven 
Description: verify createjobAPI 
Groups [regression, smoke, api] 
Test is Passed: verifycreateJobDatadriven 
Duration 265ms 
Testing Class-Method : [TestClass name=class com.api.phoenix.datadriven_Tests.CreateJobAPITest] 
Starting the Test Method: verifycreateJobDatadriven 
Description: verify createjobAPI 
Groups [regression, smoke, api] 
Test is Passed: verifycreateJobDatadriven 
Duration 248ms 
Testing Class-Method : [TestClass name=class com.api.phoenix.datadriven_Tests.CreateJobAPITest] 
Starting the Test Method: verifycreateJobDatadriven 
Description: verify createjobAPI 
Groups [regression, smoke, api] 
Test is Passed: verifycreateJobDatadriven 
Duration 239ms 
Testing Class-Method : [TestClass name=class com.api.phoenix.datadriven_Tests.CreateJobAPITest] 
Starting the Test Method: verifycreateJobDatadriven 
Description: verify createjobAPI 
Groups [regression, smoke, api] 
Test is Passed: verifycreateJobDatadriven 
Duration 219ms 
Testing Class-Method : [TestClass name=class com.api.phoenix.datadriven_Tests.CreateJobAPITest] 
Starting the Test Method: verifycreateJobDatadriven 
Description: verify createjobAPI 
Groups [regression, smoke, api] 
Test is Passed: verifycreateJobDatadriven 
Duration 259ms 
Testing Class-Method : [TestClass name=class com.api.phoenix.datadriven_Tests.CreateJobAPITest] 
Starting the Test Method: verifycreateJobDatadriven 
Description: verify createjobAPI 
Groups [regression, smoke, api] 
Test is Passed: verifycreateJobDatadriven 
Duration 239ms 
Phoenix Framework is starting!!!
Testing Class-Method : [TestClass name=class phoenix_api_automation_framework.LoginAPITest] 
Starting the Test Method: loginTest 
Description: verify LoginAPI 
Groups [regression, smoke, api] 
Calling Login method from Auth Service
BaseURI: http://64.227.160.186:9000/v1/login
HTTP Method: POST
Accept: application/json, application/javascript, text/javascript, text/json
Content-Type: application/json
Request Body: {"username":"iamfd","Password":"[REDACTED]"}
Response Body: {
    "message": "Success",
    "data": {
        "token":"[REDACTED]"
    }
}
Test is Passed: loginTest 
Duration 5868ms 
Testing Class-Method : [TestClass name=class phoenix_api_automation_framework.UserdetailAPI_Test] 
Starting the Test Method: userdetailAPI_Test 
Description: to verify Userdetail API 
Groups [regression, smoke, api] 
Calling Userdetails from Userdetails service
BaseURI: http://64.227.160.186:9000/v1/userdetails
HTTP Method: GET
Accept: application/json, application/javascript, text/javascript, text/json
Authorization: REDACTED
Content-Type: application/json
Response Body: {
    "message": "Success",
    "data": {
        "id": 4,
        "first_name": "fd",
        "last_name": "fd",
        "login_id": "iamfd",
        "mobile_number": "8899776655",
        "email_id": "mark@gmail.com",
        "password": "5f4dcc3b5aa765d61d8327deb882cf99",
        "reset_password_date": null,
        "lock_status": 0,
        "is_active": 1,
        "mst_role_id": 5,
        "mst_service_location_id": 1,
        "created_at": "2021-11-03T08:06:23.000Z",
        "modified_at": "2021-11-03T08:06:23.000Z",
        "role_name": "FrontDesk",
        "service_location": "Service Center A"
    }
}
Test is Passed: userdetailAPI_Test 
Duration 436ms 
Testing Class-Method : [TestClass name=class phoenix_api_automation_framework.CountAPITest] 
Starting the Test Method: missingtoken_countAPI 
Description: to verify CountAPI with missing token 
Groups [negative, regression, smoke, api] 
Test is Passed: missingtoken_countAPI 
Duration 1087ms 
Testing Class-Method : [TestClass name=class phoenix_api_automation_framework.CountAPITest] 
Starting the Test Method: verifyCountAPI 
Description: to verify countAPI 
Groups [regression, smoke, api] 
Calling count from Dashboard service
BaseURI: http://64.227.160.186:9000/v1/dashboard/count
HTTP Method: GET
Accept: application/json, application/javascript, text/javascript, text/json
Authorization: REDACTED
Content-Type: application/json
Response Body: {
    "message": "Success",
    "data": [
        {
            "label": "Pending for delivery",
            "key": "pending_for_delivery",
            "count": 0
        },
        {
            "label": "Created today",
            "key": "created_today",
            "count": 271
        },
        {
            "label": "Pending for FST assignment",
            "key": "pending_fst_assignment",
            "count": 0
        }
    ]
}
Test is Passed: verifyCountAPI 
Duration 769ms 
Testing Class-Method : [TestClass name=class phoenix_api_automation_framework.MasterAPI_Test] 
Starting the Test Method: verifymasterAPI 
Description: to verify MasterAPI 
Groups [regression, smoke, api] 
BaseURI: http://64.227.160.186:9000/v1/master
HTTP Method: POST
Accept: application/json, application/javascript, text/javascript, text/json
Authorization: REDACTED
Content-Type: application/json
Response Body: {
    "message": "Success",
    "data": {
        "mst_oem": [
            {
                "id": 1,
                "name": "Google",
                "code": "GL",
                "is_active": 1,
                "created_at": "2021-10-26T08:24:17.000Z",
                "modified_at": "2021-10-26T08:24:17.000Z"
            },
            {
                "id": 2,
                "name": "Apple",
                "code": "APL",
                "is_active": 1,
                "created_at": "2021-10-26T08:24:17.000Z",
                "modified_at": "2021-10-26T08:24:17.000Z"
            }
        ],
        "mst_model": [
            {
                "id": 1,
                "name": "Nexus 2 blue",
                "code": "NX2BL",
                "mst_product_id": 1,
                "is_active": 1,
                "created_at": "2021-10-29T19:28:00.000Z",
                "modified_at": "2021-10-29T19:28:00.000Z"
            },
            {
                "id": 2,
                "name": "gallexy",
                "code": "gl",
                "mst_product_id": 1,
                "is_active": 1,
                "created_at": "2022-06-10T07:18:03.000Z",
                "modified_at": "2022-06-10T07:18:03.000Z"
            },
            {
                "id": 3,
                "name": "Iphone 11",
                "code": "ip11",
                "mst_product_id": 3,
                "is_active": 1,
                "created_at": "2022-08-18T16:59:27.000Z",
                "modified_at": "2022-08-18T17:00:31.000Z"
            }
        ],
        "mst_action_status": [
            {
                "id": 1,
                "name": "Job Creation",
                "code": "JBC",
                "description": "Job Creation",
                "is_active": 1,
                "created_at": "2021-10-26T08:48:23.000Z",
                "modified_at": "2021-10-26T08:48:23.000Z"
            },
            {
                "id": 2,
                "name": "Pending For Job Assignment",
                "code": "PJFA",
                "description": "Pending For Job Assignment",
                "is_active": 1,
                "created_at": "2021-10-26T08:48:23.000Z",
                "modified_at": "2021-10-26T08:48:23.000Z"
            },
            {
                "id": 3,
                "name": "Pending For Repair",
                "code": "PFR",
                "description": "Pending For Repair",
                "is_active": 1,
                "created_at": "2021-10-26T08:48:23.000Z",
                "modified_at": "2021-10-26T08:48:23.000Z"
            },
            {
                "id": 4,
                "name": "Pending For QC",
                "code": "PFQC",
                "description": "Pending For QC",
                "is_active": 1,
                "created_at": "2021-10-26T08:48:23.000Z",
                "modified_at": "2021-10-26T08:48:23.000Z"
            },
            {
                "id": 5,
                "name": "Pending for Delivery",
                "code": "PDL",
                "description": "Pending for Delivery",
                "is_active": 1,
                "created_at": "2021-10-26T08:48:23.000Z",
                "modified_at": "2021-12-20T08:00:39.000Z"
            },
            {
                "id": 6,
                "name": "Delivered to customer",
                "code": "DC",
                "description": "Delivered to customer",
                "is_active": 1,
                "created_at": "2021-10-26T08:48:23.000Z",
                "modified_at": "2021-12-20T08:01:48.000Z"
            },
            {
                "id": 7,
                "name": "QC Rejected",
                "code": "QCR",
                "description": "QC Rejected",
                "is_active": 1,
                "created_at": "2021-10-26T08:48:23.000Z",
                "modified_at": "2021-10-26T08:48:23.000Z"
            },
            {
                "id": 8,
                "name": "Quatation Raised",
                "code": "QR",
                "description": "Quatation Raised",
                "is_active": 1,
                "created_at": "2021-10-26T08:48:23.000Z",
                "modified_at": "2021-10-26T08:48:23.000Z"
            },
            {
                "id": 9,
                "name": "Pending For Payment",
                "code": "PFP",
                "description": "Pending For Payment",
                "is_active": 1,
                "created_at": "2021-10-26T08:48:23.000Z",
                "modified_at": "2021-10-26T08:48:23.000Z"
            },
            {
                "id": 10,
                "name": "Payment Is Done",
                "code": "PD",
                "description": "Payment Is Done",
                "is_active": 1,
                "created_at": "2021-10-26T08:48:23.000Z",
                "modified_at": "2021-10-26T08:48:23.000Z"
            },
            {
                "id": 11,
                "name": "Job Closed Successfully",
                "code": "JC",
                "description": "Job Closed Successfully",
                "is_active": 1,
                "created_at": "2021-10-26T08:48:23.000Z",
                "modified_at": "2021-10-26T08:48:23.000Z"
            },
            {
                "id": 12,
                "name": "Assigned to FST - Inbound",
                "code": "AFI",
                "description": "Assigned to FST - Inbound",
                "is_active": 1,
                "created_at": "2021-10-26T08:48:23.000Z",
                "modified_at": "2021-10-26T08:48:23.000Z"
            },
            {
                "id": 13,
                "name": "Assigned to FST - Outbound",
                "code": "AFO",
                "description": "Assigned to FST - Outbound",
                "is_active": 1,
                "created_at": "2021-10-26T08:48:23.000Z",
                "modified_at": "2021-10-26T08:48:23.000Z"
            },
            {
                "id": 14,
                "name": "Begin Journey",
                "code": "BJY",
                "description": "Begin Journey",
                "is_active": 1,
                "created_at": "2021-10-26T08:48:23.000Z",
                "modified_at": "2021-10-26T08:48:23.000Z"
            },
            {
                "id": 15,
                "name": "Submitted To FD",
                "code": "SFD",
                "description": "Submitted To FD",
                "is_active": 1,
                "created_at": "2021-10-26T08:48:23.000Z",
                "modified_at": "2021-10-26T08:48:23.000Z"
            },
            {
                "id": 16,
                "name": "Collected At FD",
                "code": "CFD",
                "description": "Collected At FD",
                "is_active": 1,
                "created_at": "2021-10-26T08:48:23.000Z",
                "modified_at": "2021-10-26T08:48:23.000Z"
            }
        ],
        "mst_warrenty_status": [
            {
                "id": 1,
                "name": "In Warrenty",
                "code": "IW",
                "description": "In Warrenty",
                "is_active": 1,
                "created_at": "2021-10-26T08:26:04.000Z",
                "modified_at": "2021-10-26T08:26:04.000Z"
            },
            {
                "id": 2,
                "name": "Out Of Warrenty",
                "code": "OOW",
                "description": "Out Of Warrenty",
                "is_active": 1,
                "created_at": "2021-10-26T08:26:04.000Z",
                "modified_at": "2021-10-26T08:26:04.000Z"
            }
        ],
        "mst_platform": [
            {
                "id": 1,
                "name": "FST",
                "code": "FST",
                "description": "Field technician will go to customer's house",
                "is_active": 1,
                "created_at": "2021-10-26T08:37:12.000Z",
                "modified_at": "2021-10-26T08:37:12.000Z"
            },
            {
                "id": 2,
                "name": "Front Desk",
                "code": "FD",
                "description": "Customer will come to service center to submit his device",
                "is_active": 1,
                "created_at": "2021-10-26T08:37:12.000Z",
                "modified_at": "2021-10-26T08:37:12.000Z"
            }
        ],
        "mst_product": [
            {
                "id": 1,
                "name": "Nexus 2",
                "code": "NX2",
                "mst_oem_id": 1,
                "is_active": 1,
                "created_at": "2021-10-29T19:27:21.000Z",
                "modified_at": "2021-10-29T19:27:21.000Z"
            },
            {
                "id": 2,
                "name": "Pixel",
                "code": "gl",
                "mst_oem_id": 1,
                "is_active": 1,
                "created_at": "2022-06-10T07:16:57.000Z",
                "modified_at": "2022-08-18T16:55:02.000Z"
            },
            {
                "id": 3,
                "name": "IPhone",
                "code": "ip",
                "mst_oem_id": 2,
                "is_active": 1,
                "created_at": "2022-08-18T16:56:15.000Z",
                "modified_at": "2022-08-18T16:57:20.000Z"
            }
        ],
        "mst_role": [
            {
                "id": 1,
                "name": "Engineer",
                "code": "ENG",
                "description": "Engineer",
                "is_active": 1,
                "created_at": "2021-10-26T08:39:48.000Z",
                "modified_at": "2021-10-26T08:39:48.000Z"
            },
            {
                "id": 2,
                "name": "Supervisor",
                "code": "SPV",
                "description": "Supervisor",
                "is_active": 1,
                "created_at": "2021-10-26T08:39:48.000Z",
                "modified_at": "2021-10-26T08:39:48.000Z"
            },
            {
                "id": 3,
                "name": "FST",
                "code": "FST",
                "description": "Field Service Technician",
                "is_active": 1,
                "created_at": "2021-10-26T08:39:48.000Z",
                "modified_at": "2021-10-26T08:39:48.000Z"
            },
            {
                "id": 4,
                "name": "QC",
                "code": "QC",
                "description": "Quality check",
                "is_active": 1,
                "created_at": "2021-10-26T08:39:48.000Z",
                "modified_at": "2021-10-26T08:39:48.000Z"
            },
            {
                "id": 5,
                "name": "FrontDesk",
                "code": "FD",
                "description": "Front Desk",
                "is_active": 1,
                "created_at": "2021-10-26T08:39:48.000Z",
                "modified_at": "2022-01-04T15:16:54.000Z"
            },
            {
                "id": 6,
                "name": "Callcenter",
                "code": "CC",
                "description": "Callcenter",
                "is_active": 1,
                "created_at": "2021-10-26T08:39:48.000Z",
                "modified_at": "2022-01-04T15:16:54.000Z"
            }
        ],
        "mst_service_location": [
            {
                "id": 1,
                "name": "Service Center A",
                "code": "B2X",
                "mobile_number": "8877667788",
                "email_id": "servicecentera@gmail.com",
                "address": "M.G. Road, Andheri(E)",
                "pincode": 400075,
                "country": "India",
                "gstin": "22AAAAA0000A1",
                "is_repair_line_engineer": 1,
                "is_active": 1,
                "created_at": "2021-10-26T08:30:50.000Z",
                "modified_at": "2022-04-03T16:09:58.000Z"
            },
            {
                "id": 2,
                "name": "Service Center B",
                "code": "SFY",
                "mobile_number": "8877667789",
                "email_id": "servicecenterb@gmail.com",
                "address": "M.G. Road, Andheri(E)",
                "pincode": 400606,
                "country": "India",
                "gstin": "22AAAAA0000B2",
                "is_repair_line_engineer": 1,
                "is_active": 1,
                "created_at": "2021-10-26T08:30:50.000Z",
                "modified_at": "2022-04-03T16:09:59.000Z"
            },
            {
                "id": 3,
                "name": "Service Centre C",
                "code": "PKC",
                "mobile_number": "8877667790",
                "email_id": "servicecenterpk@gmail.com",
                "address": "Srinagar,Kashmir(A)",
                "pincode": 577432,
                "country": "India",
                "gstin": "22AAAAA0000C3",
                "is_repair_line_engineer": 1,
                "is_active": 1,
                "created_at": "2022-12-13T11:05:47.000Z",
                "modified_at": "2022-12-13T11:05:47.000Z"
            }
        ],
        "mst_problem": [
            {
                "id": 1,
                "name": "Smartphone is running slow",
                "created_at": "2022-01-08T10:07:18.000Z",
                "modified_at": "2022-01-08T10:07:18.000Z"
            },
            {
                "id": 2,
                "name": "Poor battery life",
                "created_at": "2022-01-08T10:07:18.000Z",
                "modified_at": "2022-01-08T10:07:18.000Z"
            },
            {
                "id": 3,
                "name": "Phone or app crashes",
                "created_at": "2022-01-08T10:07:18.000Z",
                "modified_at": "2022-01-08T10:07:18.000Z"
            },
            {
                "id": 4,
                "name": "Sync issue",
                "created_at": "2022-01-08T10:07:18.000Z",
                "modified_at": "2022-01-08T10:07:18.000Z"
            },
            {
                "id": 5,
                "name": "MicroSD card is not working on your phone",
                "created_at": "2022-01-08T10:07:18.000Z",
                "modified_at": "2022-01-08T10:07:18.000Z"
            },
            {
                "id": 6,
                "name": "Overheating",
                "created_at": "2022-01-08T10:07:18.000Z",
                "modified_at": "2022-01-08T10:07:18.000Z"
            },
            {
                "id": 7,
                "name": "Connecting problem with Bluetooth, Wifi, Cellular network",
                "created_at": "2022-01-08T10:07:19.000Z",
                "modified_at": "2022-01-08T10:07:19.000Z"
            },
            {
                "id": 8,
                "name": "Cracked screen",
                "created_at": "2022-01-08T10:07:19.000Z",
                "modified_at": "2022-01-08T10:07:19.000Z"
            },
            {
                "id": 9,
                "name": "Other",
                "created_at": "2022-01-08T10:07:19.000Z",
                "modified_at": "2022-01-08T10:07:19.000Z"
            },
            {
                "id": 10,
                "name": "Camera issue",
                "created_at": "2022-06-13T15:01:02.000Z",
                "modified_at": "2022-06-13T15:01:02.000Z"
            },
            {
                "id": 11,
                "name": "Charger Not Working",
                "created_at": "2022-08-14T12:38:04.000Z",
                "modified_at": "2022-08-14T12:38:04.000Z"
            },
            {
                "id": 12,
                "name": " Software Booting Issue ",
                "created_at": "2022-08-14T13:03:08.000Z",
                "modified_at": "2022-08-14T13:03:08.000Z"
            },
            {
                "id": 15,
                "name": "Head Phone Jack not working",
                "created_at": "2022-06-16T15:22:18.000Z",
                "modified_at": "2022-06-16T15:22:18.000Z"
            },
            {
                "id": 16,
                "name": "Head Phone issue",
                "created_at": "2022-06-16T15:27:47.000Z",
                "modified_at": "2022-06-16T15:27:47.000Z"
            },
            {
                "id": 17,
                "name": "Random Problem",
                "created_at": "2022-07-11T02:56:01.000Z",
                "modified_at": "2022-07-11T02:56:01.000Z"
            },
            {
                "id": 19,
                "name": "Front camera not working",
                "created_at": "2022-07-13T17:50:54.000Z",
                "modified_at": "2022-07-13T17:50:54.000Z"
            },
            {
                "id": 20,
                "name": "Battery issue",
                "created_at": "2022-07-13T17:51:47.000Z",
                "modified_at": "2022-07-13T17:51:47.000Z"
            },
            {
                "id": 22,
                "name": "Screen display issue",
                "created_at": "2022-08-29T11:09:24.000Z",
                "modified_at": "2022-08-29T11:09:24.000Z"
            },
            {
                "id": 24,
                "name": "Apps Not Downloading",
                "created_at": "2022-08-29T12:10:34.000Z",
                "modified_at": "2022-08-29T12:10:34.000Z"
            },
            {
                "id": 26,
                "name": "Unresponsive screen",
                "created_at": "2022-09-19T10:03:08.000Z",
                "modified_at": "2022-09-19T10:03:08.000Z"
            },
            {
                "id": 27,
                "name": "Blue Screen Error",
                "created_at": "2022-12-13T11:01:48.000Z",
                "modified_at": "2022-12-13T11:01:48.000Z"
            },
            {
                "id": 28,
                "name": "PK Test Prob1",
                "created_at": "2022-12-19T20:42:09.000Z",
                "modified_at": "2022-12-19T20:42:09.000Z"
            },
            {
                "id": 29,
                "name": "PK Test Prob1",
                "created_at": "2022-12-19T20:42:09.000Z",
                "modified_at": "2022-12-19T20:42:09.000Z"
            }
        ],
        "map_fst_pincode": [
            {
                "pincode": 100011,
                "mst_service_location_id": 1,
                "mst_service_location_name": "Service Center A"
            },
            {
                "pincode": 100012,
                "mst_service_location_id": 1,
                "mst_service_location_name": "Service Center A"
            },
            {
                "pincode": 100013,
                "mst_service_location_id": 1,
                "mst_service_location_name": "Service Center A"
            },
            {
                "pincode": 100014,
                "mst_service_location_id": 1,
                "mst_service_location_name": "Service Center A"
            },
            {
                "pincode": 100015,
                "mst_service_location_id": 1,
                "mst_service_location_name": "Service Center A"
            },
            {
                "pincode": 400065,
                "mst_service_location_id": 1,
                "mst_service_location_name": "Service Center A"
            },
            {
                "pincode": 200011,
                "mst_service_location_id": 2,
                "mst_service_location_name": "Service Center B"
            },
            {
                "pincode": 200012,
                "mst_service_location_id": 2,
                "mst_service_location_name": "Service Center B"
            },
            {
                "pincode": 200013,
                "mst_service_location_id": 2,
                "mst_service_location_name": "Service Center B"
            },
            {
                "pincode": 200014,
                "mst_service_location_id": 2,
                "mst_service_location_name": "Service Center B"
            },
            {
                "pincode": 200015,
                "mst_service_location_id": 2,
                "mst_service_location_name": "Service Center B"
            }
        ]
    }
}
Test is Passed: verifymasterAPI 
Duration 1089ms 
Testing Class-Method : [TestClass name=class phoenix_api_automation_framework.CreateJobAPITest] 
Starting the Test Method: verifycreateJob 
Description: verify createjobAPI 
Groups [regression, smoke, api] 
Calling Create Job from Job service
Test is Failed!!! : verifycreateJob  ):
Error Message is : 1 expectation failed.
Expected status code <200> but was <500>.

Exception is: 
java.lang.AssertionError: 1 expectation failed.
Expected status code <200> but was <500>.

	at org.codehaus.groovy.vmplugin.v8.IndyInterface.fromCache(IndyInterface.java:344)
	at io.restassured.internal.ResponseSpecificationImpl$HamcrestAssertionClosure.validate(ResponseSpecificationImpl.groovy:516)
	at org.codehaus.groovy.vmplugin.v8.IndyInterface.fromCache(IndyInterface.java:344)
	at io.restassured.internal.ResponseSpecificationImpl.validate(ResponseSpecificationImpl.groovy:105)
	at io.restassured.internal.ValidatableResponseOptionsImpl.spec(ValidatableResponseOptionsImpl.java:288)
	at phoenix_api_automation_framework.CreateJobAPITest.verifycreateJob(CreateJobAPITest.java:70)
	at java.base/jdk.internal.reflect.DirectMethodHandleAccessor.invoke(DirectMethodHandleAccessor.java:103)
	at java.base/java.lang.reflect.Method.invoke(Method.java:580)
	at org.testng.internal.invokers.MethodInvocationHelper.invokeMethod(MethodInvocationHelper.java:141)
	at org.testng.internal.invokers.TestInvoker.invokeMethod(TestInvoker.java:687)
	at org.testng.internal.invokers.TestInvoker.invokeTestMethod(TestInvoker.java:230)
	at org.testng.internal.invokers.MethodRunner.runInSequence(MethodRunner.java:63)
	at org.testng.internal.invokers.TestInvoker$MethodInvocationAgent.invoke(TestInvoker.java:995)
	at org.testng.internal.invokers.TestInvoker.invokeTestMethods(TestInvoker.java:203)
	at org.testng.internal.invokers.TestMethodWorker.invokeTestMethods(TestMethodWorker.java:154)
	at org.testng.internal.invokers.TestMethodWorker.run(TestMethodWorker.java:134)
	at java.base/java.util.ArrayList.forEach(ArrayList.java:1596)
	at org.testng.TestRunner.privateRun(TestRunner.java:741)
	at org.testng.TestRunner.run(TestRunner.java:616)
	at org.testng.SuiteRunner.runTest(SuiteRunner.java:421)
	at org.testng.SuiteRunner.runSequentially(SuiteRunner.java:413)
	at org.testng.SuiteRunner.privateRun(SuiteRunner.java:373)
	at org.testng.SuiteRunner.run(SuiteRunner.java:312)
	at org.testng.SuiteRunnerWorker.runSuite(SuiteRunnerWorker.java:52)
	at org.testng.SuiteRunnerWorker.run(SuiteRunnerWorker.java:95)
	at org.testng.TestNG.runSuitesSequentially(TestNG.java:1274)
	at org.testng.TestNG.runSuitesLocally(TestNG.java:1208)
	at org.testng.TestNG.runSuites(TestNG.java:1112)
	at org.testng.TestNG.run(TestNG.java:1079)
	at org.apache.maven.surefire.testng.TestNGExecutor.run(TestNGExecutor.java:308)
	at org.apache.maven.surefire.testng.TestNGXmlTestSuite.execute(TestNGXmlTestSuite.java:71)
	at org.apache.maven.surefire.testng.TestNGProvider.invoke(TestNGProvider.java:113)
	at org.apache.maven.surefire.booter.ForkedBooter.runSuitesInProcess(ForkedBooter.java:385)
	at org.apache.maven.surefire.booter.ForkedBooter.execute(ForkedBooter.java:162)
	at org.apache.maven.surefire.booter.ForkedBooter.run(ForkedBooter.java:507)
	at org.apache.maven.surefire.booter.ForkedBooter.main(ForkedBooter.java:495)
Testing Class-Method : [TestClass name=class com.api.phoenix.datadriven_Tests.LoginAPITest] 
Starting the Test Method: LoginAPITestdataDriven 
Description: loginAPIdatadriven testing 
Groups [regression, smoke] 
BaseURI: http://64.227.160.186:9000/v1/login
HTTP Method: POST
Accept: application/json, application/javascript, text/javascript, text/json
Content-Type: application/json
Request Body: {"username":"iamfd","Password":"[REDACTED]"}
Response Body: {
    "message": "Success",
    "data": {
        "token":"[REDACTED]"
    }
}
Test is Passed: LoginAPITestdataDriven 
Duration 172ms 
Testing Class-Method : [TestClass name=class com.api.phoenix.datadriven_Tests.LoginAPITest] 
Starting the Test Method: LoginAPITestdataDriven 
Description: loginAPIdatadriven testing 
Groups [regression, smoke] 
BaseURI: http://64.227.160.186:9000/v1/login
HTTP Method: POST
Accept: application/json, application/javascript, text/javascript, text/json
Content-Type: application/json
Request Body: {"username":"adil","Password":"[REDACTED]"}
Response Body: {
    "status": 500,
    "message": "Invalid username or password",
    "name": "APIError",
    "isPublic": false,
    "isOperational": true
}
Test is Failed!!! : LoginAPITestdataDriven  ):
Error Message is : 1 expectation failed.
Expected status code <200> but was <500>.

Exception is: 
java.lang.AssertionError: 1 expectation failed.
Expected status code <200> but was <500>.

	at org.codehaus.groovy.vmplugin.v8.IndyInterface.fromCache(IndyInterface.java:344)
	at io.restassured.internal.ResponseSpecificationImpl$HamcrestAssertionClosure.validate(ResponseSpecificationImpl.groovy:516)
	at org.codehaus.groovy.vmplugin.v8.IndyInterface.fromCache(IndyInterface.java:344)
	at io.restassured.internal.ResponseSpecificationImpl.validate(ResponseSpecificationImpl.groovy:105)
	at io.restassured.internal.ValidatableResponseOptionsImpl.spec(ValidatableResponseOptionsImpl.java:288)
	at com.api.phoenix.datadriven_Tests.LoginAPITest.LoginAPITestdataDriven(LoginAPITest.java:30)
	at java.base/jdk.internal.reflect.DirectMethodHandleAccessor.invoke(DirectMethodHandleAccessor.java:103)
	at java.base/java.lang.reflect.Method.invoke(Method.java:580)
	at org.testng.internal.invokers.MethodInvocationHelper.invokeMethod(MethodInvocationHelper.java:141)
	at org.testng.internal.invokers.TestInvoker.invokeMethod(TestInvoker.java:687)
	at org.testng.internal.invokers.TestInvoker.invokeTestMethod(TestInvoker.java:230)
	at org.testng.internal.invokers.MethodRunner.runInSequence(MethodRunner.java:63)
	at org.testng.internal.invokers.TestInvoker$MethodInvocationAgent.invoke(TestInvoker.java:995)
	at org.testng.internal.invokers.TestInvoker.invokeTestMethods(TestInvoker.java:203)
	at org.testng.internal.invokers.TestMethodWorker.invokeTestMethods(TestMethodWorker.java:154)
	at org.testng.internal.invokers.TestMethodWorker.run(TestMethodWorker.java:134)
	at java.base/java.util.ArrayList.forEach(ArrayList.java:1596)
	at org.testng.TestRunner.privateRun(TestRunner.java:741)
	at org.testng.TestRunner.run(TestRunner.java:616)
	at org.testng.SuiteRunner.runTest(SuiteRunner.java:421)
	at org.testng.SuiteRunner.runSequentially(SuiteRunner.java:413)
	at org.testng.SuiteRunner.privateRun(SuiteRunner.java:373)
	at org.testng.SuiteRunner.run(SuiteRunner.java:312)
	at org.testng.SuiteRunnerWorker.runSuite(SuiteRunnerWorker.java:52)
	at org.testng.SuiteRunnerWorker.run(SuiteRunnerWorker.java:95)
	at org.testng.TestNG.runSuitesSequentially(TestNG.java:1274)
	at org.testng.TestNG.runSuitesLocally(TestNG.java:1208)
	at org.testng.TestNG.runSuites(TestNG.java:1112)
	at org.testng.TestNG.run(TestNG.java:1079)
	at org.apache.maven.surefire.testng.TestNGExecutor.run(TestNGExecutor.java:308)
	at org.apache.maven.surefire.testng.TestNGXmlTestSuite.execute(TestNGXmlTestSuite.java:71)
	at org.apache.maven.surefire.testng.TestNGProvider.invoke(TestNGProvider.java:113)
	at org.apache.maven.surefire.booter.ForkedBooter.runSuitesInProcess(ForkedBooter.java:385)
	at org.apache.maven.surefire.booter.ForkedBooter.execute(ForkedBooter.java:162)
	at org.apache.maven.surefire.booter.ForkedBooter.run(ForkedBooter.java:507)
	at org.apache.maven.surefire.booter.ForkedBooter.main(ForkedBooter.java:495)
Testing Class-Method : [TestClass name=class com.api.phoenix.datadriven_Tests.LoginAPITest] 
Starting the Test Method: LoginAPITestdataDriven 
Description: loginAPIdatadriven testing 
Groups [regression, smoke] 
BaseURI: http://64.227.160.186:9000/v1/login
HTTP Method: POST
Accept: application/json, application/javascript, text/javascript, text/json
Content-Type: application/json
Request Body: {"username":"jatin","Password":"[REDACTED]"}
Response Body: {
    "status": 500,
    "message": "Invalid username or password",
    "name": "APIError",
    "isPublic": false,
    "isOperational": true
}
Test is Failed!!! : LoginAPITestdataDriven  ):
Error Message is : 1 expectation failed.
Expected status code <200> but was <500>.

Exception is: 
java.lang.AssertionError: 1 expectation failed.
Expected status code <200> but was <500>.

	at org.codehaus.groovy.vmplugin.v8.IndyInterface.fromCache(IndyInterface.java:344)
	at io.restassured.internal.ResponseSpecificationImpl$HamcrestAssertionClosure.validate(ResponseSpecificationImpl.groovy:516)
	at org.codehaus.groovy.vmplugin.v8.IndyInterface.fromCache(IndyInterface.java:344)
	at io.restassured.internal.ResponseSpecificationImpl.validate(ResponseSpecificationImpl.groovy:105)
	at io.restassured.internal.ValidatableResponseOptionsImpl.spec(ValidatableResponseOptionsImpl.java:288)
	at com.api.phoenix.datadriven_Tests.LoginAPITest.LoginAPITestdataDriven(LoginAPITest.java:30)
	at java.base/jdk.internal.reflect.DirectMethodHandleAccessor.invoke(DirectMethodHandleAccessor.java:103)
	at java.base/java.lang.reflect.Method.invoke(Method.java:580)
	at org.testng.internal.invokers.MethodInvocationHelper.invokeMethod(MethodInvocationHelper.java:141)
	at org.testng.internal.invokers.TestInvoker.invokeMethod(TestInvoker.java:687)
	at org.testng.internal.invokers.TestInvoker.invokeTestMethod(TestInvoker.java:230)
	at org.testng.internal.invokers.MethodRunner.runInSequence(MethodRunner.java:63)
	at org.testng.internal.invokers.TestInvoker$MethodInvocationAgent.invoke(TestInvoker.java:995)
	at org.testng.internal.invokers.TestInvoker.invokeTestMethods(TestInvoker.java:203)
	at org.testng.internal.invokers.TestMethodWorker.invokeTestMethods(TestMethodWorker.java:154)
	at org.testng.internal.invokers.TestMethodWorker.run(TestMethodWorker.java:134)
	at java.base/java.util.ArrayList.forEach(ArrayList.java:1596)
	at org.testng.TestRunner.privateRun(TestRunner.java:741)
	at org.testng.TestRunner.run(TestRunner.java:616)
	at org.testng.SuiteRunner.runTest(SuiteRunner.java:421)
	at org.testng.SuiteRunner.runSequentially(SuiteRunner.java:413)
	at org.testng.SuiteRunner.privateRun(SuiteRunner.java:373)
	at org.testng.SuiteRunner.run(SuiteRunner.java:312)
	at org.testng.SuiteRunnerWorker.runSuite(SuiteRunnerWorker.java:52)
	at org.testng.SuiteRunnerWorker.run(SuiteRunnerWorker.java:95)
	at org.testng.TestNG.runSuitesSequentially(TestNG.java:1274)
	at org.testng.TestNG.runSuitesLocally(TestNG.java:1208)
	at org.testng.TestNG.runSuites(TestNG.java:1112)
	at org.testng.TestNG.run(TestNG.java:1079)
	at org.apache.maven.surefire.testng.TestNGExecutor.run(TestNGExecutor.java:308)
	at org.apache.maven.surefire.testng.TestNGXmlTestSuite.execute(TestNGXmlTestSuite.java:71)
	at org.apache.maven.surefire.testng.TestNGProvider.invoke(TestNGProvider.java:113)
	at org.apache.maven.surefire.booter.ForkedBooter.runSuitesInProcess(ForkedBooter.java:385)
	at org.apache.maven.surefire.booter.ForkedBooter.execute(ForkedBooter.java:162)
	at org.apache.maven.surefire.booter.ForkedBooter.run(ForkedBooter.java:507)
	at org.apache.maven.surefire.booter.ForkedBooter.main(ForkedBooter.java:495)
Testing Class-Method : [TestClass name=class com.api.phoenix.datadriven_Tests.CreateJobAPITest] 
Starting the Test Method: verifycreateJobDatadriven 
Description: verify createjobAPI 
Groups [regression, smoke, api] 
Test is Passed: verifycreateJobDatadriven 
Duration 295ms 
Testing Class-Method : [TestClass name=class com.api.phoenix.datadriven_Tests.CreateJobAPITest] 
Starting the Test Method: verifycreateJobDatadriven 
Description: verify createjobAPI 
Groups [regression, smoke, api] 
Test is Passed: verifycreateJobDatadriven 
Duration 333ms 
Testing Class-Method : [TestClass name=class com.api.phoenix.datadriven_Tests.CreateJobAPITest] 
Starting the Test Method: verifycreateJobDatadriven 
Description: verify createjobAPI 
Groups [regression, smoke, api] 
Test is Passed: verifycreateJobDatadriven 
Duration 269ms 
Testing Class-Method : [TestClass name=class com.api.phoenix.datadriven_Tests.CreateJobAPITest] 
Starting the Test Method: verifycreateJobDatadriven 
Description: verify createjobAPI 
Groups [regression, smoke, api] 
Test is Passed: verifycreateJobDatadriven 
Duration 292ms 
Testing Class-Method : [TestClass name=class com.api.phoenix.datadriven_Tests.CreateJobAPITest] 
Starting the Test Method: verifycreateJobDatadriven 
Description: verify createjobAPI 
Groups [regression, smoke, api] 
Test is Passed: verifycreateJobDatadriven 
Duration 297ms 
Testing Class-Method : [TestClass name=class com.api.phoenix.datadriven_Tests.CreateJobAPITest] 
Starting the Test Method: verifycreateJobDatadriven 
Description: verify createjobAPI 
Groups [regression, smoke, api] 
Test is Passed: verifycreateJobDatadriven 
Duration 243ms 
Testing Class-Method : [TestClass name=class com.api.phoenix.datadriven_Tests.CreateJobAPITest] 
Starting the Test Method: verifycreateJobDatadriven 
Description: verify createjobAPI 
Groups [regression, smoke, api] 
Test is Passed: verifycreateJobDatadriven 
Duration 232ms 
Testing Class-Method : [TestClass name=class com.api.phoenix.datadriven_Tests.CreateJobAPITest] 
Starting the Test Method: verifycreateJobDatadriven 
Description: verify createjobAPI 
Groups [regression, smoke, api] 
Test is Passed: verifycreateJobDatadriven 
Duration 214ms 
Testing Class-Method : [TestClass name=class com.api.phoenix.datadriven_Tests.CreateJobAPITest] 
Starting the Test Method: verifycreateJobDatadriven 
Description: verify createjobAPI 
Groups [regression, smoke, api] 
Test is Passed: verifycreateJobDatadriven 
Duration 250ms 
Testing Class-Method : [TestClass name=class com.api.phoenix.datadriven_Tests.CreateJobAPITest] 
Starting the Test Method: verifycreateJobDatadriven 
Description: verify createjobAPI 
Groups [regression, smoke, api] 
Test is Passed: verifycreateJobDatadriven 
Duration 223ms 
